ID,"Organisation, programme, camp or structure",Category,Type,Federal affiliation / subordination,Territory,Territory tags,Locality,Address,Founded / first recorded in the territory,Legal registration status,Source of funding,Activity,Estimated participants (with source),Evidence sources,Confidence,Confidence note,Notes / cross-tags
1,"Orlyata Rossii (""Eaglets of Russia"") / Орлята России",Curriculum programme,State youth programme (primary school),"Russian Ministry of Education; part of the federal ""Patriotic Education of Citizens of the Russian Federation"" programme and of the Movement of the First",Crimea,Crimea; Sevastopol,Simferopol; Sevastopol (regional coordinators),Not applicable (network of base universities),2021 (programme created); coordinators in Crimea and Sevastopol documented for 2022 to 2025,State programme of the Russian Ministry of Education,Russian federal budget (through base universities),Patriotic education of primary-school pupils; coordinators are Russians seconded to Crimea and Sevastopol,"3 million children (Russia-wide figure); 136,000 teachers",https://orlyatarussia.ru/; https://investigator.org.ua/ua/investigations/266966/,Confirmed,,"Type: curriculum programme. Base university for the DNR, Zaporizhzhia, LNR and Kherson region: Azov State Pedagogical University (Berdiansk)."
2,Varyag military-patriotic club / ВПК «Варяг»,"Club, cadet corps or camp inside the territory",Military-patriotic club,Branch of the regional NGO Union of Border Guards of Crimea / VOSVOD (water rescue society),Crimea,Crimea,Simferopol,"16 Fedka Street, Simferopol, 295017",December 2017 (created); February 2018 (began operating),"Autonomous non-profit organisation of the ""Republic of Crimea"": Varyag Maritime Training Centre",Not established (grant or community funding likely),"Maritime and diving training, military training camps, weapons handling (indirectly)",38 adolescents,https://war-sanctions.gur.gov.ua/kidnappers/companies/13672; https://ua.krymr.com/a/news-podozrenii-glave-krymskogo-kluba-varyag-/33378599.html,Confirmed,,Head O. H. Diachenko was served a notice of suspicion by the Security Service of Ukraine (April 2025).
3,Grifon military-patriotic club / ВПК «Грифон»,"Club, cadet corps or camp inside the territory",Military-patriotic club,Founded by veterans of the GRU (Russian military intelligence),Crimea,Crimea,Simferopol,"52 Turhenieva Street, Simferopol, 295017",March 2025 (opened),"Regional NGO: Tavrida Historical, Sports and Military-Patriotic Club Grifon",Not established,"Basic military training for children aged 7 to 17 on the doctrines of the GRU, KGB, NKVD and SMERSH",Not stated,https://understandingwar.org/research/russia-ukraine/russian-occupation-update-april-3-2025/; https://war-sanctions.gur.gov.ua/kidnappers/companies/13667,Confirmed,,ISW assessment: a mechanism for building a mobilisation reserve; breach of Article 51 of the Fourth Geneva Convention.
4,Krympatriotcentr (Crimea Patriot Centre) / Крымпатриотцентр,"Club, cadet corps or camp inside the territory",State centre for military-patriotic training,"Russian Ministry of Education and Ministry of Defence (regional level of the ""Republic of Crimea"")",Crimea,Crimea,Simferopol,"13/64 60 Rokiv Zhovtnia Street, Simferopol, 295044",15 June 2015 (registered),"State budgetary institution of supplementary education of the ""Republic of Crimea"": Krympatriotcentr",State budget; US sanctions (2023) for the militarisation of schoolchildren,"Ten-day military field camps ""Storm Crimea"" for ages 14 to 18: tactics, firearms and engineering training, driving vehicles, drones",120 children (April 2025 camp),https://www.radiosvoboda.org/a/news-sbu-kerivnyk-krympatriotcentr-vyrok/33421145.html; https://war-sanctions.gur.gov.ua/kidnappers/companies/8457; https://almenda.org/wp-content/uploads/2025/07/,Confirmed,,Director S. O. Havrylchuk was sentenced in absentia in Ukraine to 12 years (May 2025); the centre coordinates the Avangard network in Crimea.
5,Kordon Tarkhankut military-patriotic centre / «Кордон Тарханкут»,"Club, cadet corps or camp inside the territory",Military-patriotic centre,Not established (head holds the title Hero of Russia),Crimea,Crimea,"Krasna Poliana village, Chornomorske district","22 Komunistychna Street, Krasna Poliana, 296430",2017 (in practice); February 2022 (legal entity registered),Autonomous non-profit organisation: Kordon Tarkhankut Military-Patriotic Centre,Not established,"Basic military training from age 9: drill, hand-to-hand and knife fighting, shooting, tactical medicine, quad bikes",Not stated,https://war-sanctions.gur.gov.ua/kidnappers/companies/13682; https://investigator.org.ua/ua/investigations/265399/; https://bukvy.org/perevyhovannya-po-rosijsky-yak-diyut-molodizhni-organizacziyi-na-tot/,Confirmed,,"Head V. V. Nedobezhkin, Hero of Russia, veteran of both Chechen wars."
6,Syvash centre / Центр «Сиваш»,"Club, cadet corps or camp inside the territory",Centre for military-patriotic education,Not established; project funded by a Russian presidential grant,Crimea,Crimea,Dzhankoi (2016 to 2023); Kerch (from 2023),"Flat 103, 40 Budonnoho Street, Kerch, 298330",23 February 2016,Autonomous non-profit organisation: Syvash Centre for Military-Patriotic Education,"Russian presidential grant (2017, about 1 million roubles)","Army hand-to-hand combat, firearms, medical and parachute training, military topography from the first year of school",Not stated,https://war-sanctions.gur.gov.ua/kidnappers/companies/13669; https://investigator.org.ua/ua/investigations/265399/,Confirmed,,Co-founder O. S. Shyshkanu died in 2021; co-founder V. V. Kryvosheiev coordinates the Immortal Regiment in Dzhankoi.
7,Union of Cossack Youth of Crimea and Sevastopol / Союз казачьей молодежи Крыма и Севастополя,"Club, cadet corps or camp inside the territory",Cossack military-patriotic organisation,Crimean Cossack District of the Black Sea Cossack Host,Crimea,Crimea; Sevastopol,Simferopol (covers Crimea and Sevastopol),Not established,Not established (documented from the 2020s),Subdivision of the Crimean Cossack District,Not established,"Shooting, assembling and disassembling Kalashnikov rifles, grenade throwing, making trench candles and camouflage nets for the war",Not stated,https://vko-chkv.ru/category/news/souz_kaz_m_kr-i-sev/; https://www.krympatriotcentr.ru/kluby-i-organizatsii/kazaki; https://investigator.org.ua/ua/investigations/265399/,Likely,Dates need clarification,"Head O. V. Abaulin, a life-safety teacher and United Russia candidate (2021)."
8,"Yug Molodoy (""Young South"") movement / «Юг Молодой»",Youth movement or federal structure,Pro-Russian youth movement,Rosmolodyozh (Rosmolodyozh.Grants); Presidential Fund for Cultural Initiatives,Zaporizhzhia oblast,Zaporizhzhia oblast; Kherson oblast,Melitopol,"Office 216, 2/2 Kateryny Velykoi Street, Melitopol, 272312",July 2022,Autonomous non-profit organisation for the support and development of youth Yug Molodoy,"Russian federal budget (Rosmolodyozh grants, presidential fund)","Recruitment of young people in Zaporizhzhia and Kherson oblasts; cooperation with the Young Guard of United Russia, #MyRazom and Volunteers of Victory",Not stated,https://war-sanctions.gur.gov.ua/kidnappers/companies/13988; https://zmina.info/columns/ukrayinski-dity-yak-palyvo-dlya-rosijskoyi-propagandy/,Confirmed,,"Head of the occupation ""ministry of youth policy of Zaporizhzhia oblast"" A. Tytskyi is sanctioned by Ukraine, the EU, the UK, the US, Canada, Switzerland, Australia, Japan and New Zealand."
9,Union of Heirs of Traditions / Союз наследников традиций,"Club, cadet corps or camp inside the territory",Historical-patriotic search organisation,Not established,Crimea,Crimea,Chervonohvardiiske,"Office 1, 4 Vokzalna Street, Chervonohvardiiske, 297000",2009 (created); 2015 (registered in Russia),Crimean regional historical-patriotic search public organisation,Not established,Military-sports competitions and camps; children from age 8 taught hand-to-hand combat and weapons handling,Not stated,https://war-sanctions.gur.gov.ua/kidnappers/companies/13064; https://investigator.org.ua/ua/investigations/265399/,Confirmed,,"President V. V. Kozhevnikov, a United Russia ""deputy"", also runs a trading business."
10,Yevpatoriiskyi Desant (Yevpatoria Landing Force) / Евпаторийский десант,"Club, cadet corps or camp inside the territory",Centre for military-patriotic education,"Works with military unit 86863 (68th Naval Engineer Regiment, Russian Black Sea Fleet) and DOSAAF",Crimea,Crimea,Yevpatoria,"Flat 77, 11 Eskadronna Street, Yevpatoria, 297402",2017,Autonomous non-profit organisation: Yevpatoriiskyi Desant Centre for the Military-Patriotic Education of Children and Youth,Not established,"Firearms, drill and assault training, hand-to-hand combat, mountain training, a ""young sapper school"" on the premises of a military unit",Not stated; ages 7 to 17,https://suspilne.media/1087826-zivij-sit-ak-rosiani-militarizuut-ditej-na-bazi-vijskovoi-castini-v-okupovanij-evpatorii/; https://war-sanctions.gur.gov.ua/kidnappers/companies/13683,Confirmed,,Training takes place at an active Russian military unit; head K. S. Miroshnychenko.
11,"Voin (""Warrior"") centre / Центр «Воин»",Youth movement or federal structure,State network of military-sports training centres,"Rospatriotcentr / Russian Union of Martial Arts (Kiriyenko, Trutnev); approved by Putin in September 2022","Kherson, Zaporizhzhia, Luhansk and Donetsk oblasts",Kherson oblast; Zaporizhzhia oblast; Luhansk oblast; Donetsk oblast,"Henichesk, Berdiansk, Luhansk, Donetsk, Mariupol",Not applicable (network of branches),Late 2022,"Autonomous non-profit organisation: Voin Centre for Special Training, Sports and Military-Patriotic Education",Federal budget (through Rospatriotcentr),"Preparation for service in the Russian armed forces, ages 14 to 18 (extended programme 19 to 35); coordinates with the Luhansk Cossack Cadet Corps","Not stated for the occupied territories as a whole; at least 70 students at the first camp (Henichesk). Summer sessions across Russia: 10,905 cadets in 2024 and 12,935 in 78 sessions in 2025. From the occupied territories: over 300 children from Donetsk, Luhansk, Zaporizhzhia and Kherson oblasts in a single 2024 session; 781 from the ""DNR"" and over 140 from the ""LNR"" in one 2025 session; at least 91 from Zaporizhzhia oblast and 123 from Luhansk oblast confirmed in two documented 2026 groups","https://crvsp.ru/center; https://lb.ua/blog/koalitsiia_ua5am/620037_voini_rosiyskogo_rezhimu_yak.html; https://war-sanctions.gur.gov.ua/kidnappers/companies/13074; https://1news.zp.ua/; Centre for the Study of Occupation study of the Voin summer network, Mariupol monitoring, August 2026",Confirmed,,"Director I. V. Kazarezov from February 2024; national umbrella structure for the networks in entries 25 to 30. The Avangard defence and sports camp in Volgograd oblast is the main hub for Voin summer sessions: about 2,200 to 2,600 adolescents in 2024, 3,400 in 2025, about 4,500 planned for 2026. Programmes combine drone operation, tactical medicine, engineering, communications, weapons training and security fundamentals."
12,"Centre for the Military-Patriotic Education of Students, Sevastopol / «Центр военно-патриотического воспитания учащейся молодежи»","Club, cadet corps or camp inside the territory",State centre for military-patriotic education,"Occupation ""government"" of Sevastopol",Sevastopol,Sevastopol,Sevastopol,"5 Ochakivtsiv Street, Sevastopol, 299011",1959 (as a centre for extracurricular work); 2010 (reorganised),State budgetary educational institution of supplementary education of the city of Sevastopol,Budget of the Sevastopol occupation administration,"Pre-conscription training schools; the games Rubezh, Zarnitsa and Zarnichka for different age groups",Not stated,https://investigator.org.ua/ua/investigations/265399/; https://war-sanctions.gur.gov.ua/kidnappers/companies/13673; https://tavrika.su/id29701,Confirmed,,Director I. O. Demydov since 2020; spreading its methods to Kherson and Zaporizhzhia oblasts (2023).
13,Bagira young marines club / ВПК юных морских пехотинцев «Багира»,"Club, cadet corps or camp inside the territory",Military-patriotic club,Linked to the Saturn centre (same village),Crimea,Crimea,"Kukushkyne village, Rozdolne district","1 Shkilna Street, Kukushkyne, 296236",2015,Based at a municipal general school and kindergarten,Not established,"Hand-to-hand combat, shooting with various weapons; participation in Yunarmiya events",Not stated,https://incident.obozrevatel.com/ukr/crime/; https://investigator.org.ua/ua/investigations/266111/; https://war-sanctions.gur.gov.ua/kidnappers/companies/13690,Confirmed,,"Head Ye. S. Motiakov also heads the Saturn centre (2020) for Crimean ""marine"" clubs."
14,Batalion Forpost club / ВПК «Батальон Форпост»,"Club, cadet corps or camp inside the territory",Military-patriotic club,Branch of the Russian Union of Veterans,Crimea,Crimea,Simferopol,Not established,2018,Not established (club structure attached to a veterans' organisation),Not established,"Weapons handling, tactical medicine, assembling Kalashnikov rifles; children used for rear-area work (camouflage nets, letters) and as extras in propaganda",Not stated,https://www.facebook.com/groups/1070369470195471/; https://investigator.org.ua/ua/investigations/266111/; https://investigator.org.ua/ua/publication/articles-krym/266303/,Confirmed,,"Head A. Nikishaieva, 23, member of United Russia and of the Crimean ""youth parliament""."
15,"Patriot club, Yevpatoria / ВПК «Патриот» (Євпаторія)","Club, cadet corps or camp inside the territory",Military-patriotic club,Not established,Crimea,Crimea,Yevpatoria,"9 Vilna Street, Yevpatoria, 297408",2016,Autonomous non-profit organisation: Patriot Military-Patriotic Club,Rosmolodyozh grant (for the Zaryad project),"""Young fighter's course"", forced marches of 15 to 18 km, tactical games, weapons handling; preparation for entry to military colleges, the Interior Ministry and the Emergencies Ministry",Not stated,https://investigator.org.ua/ua/investigations/266111/; https://war-sanctions.gur.gov.ua/kidnappers/companies/13676,Confirmed,,Head D. V. Pikiner; his son V. Pikiner organised the related Zaryad project (Rosmolodyozh grant).
16,"Pobeda army hand-to-hand combat club, Sevastopol / СВПК «Победа»","Club, cadet corps or camp inside the territory",Sports and military-patriotic club,Not established,Sevastopol,Sevastopol,Sevastopol,"38 Dynamo-1 gardening association, Sevastopol, 299043",2017,Sevastopol regional NGO: Pobeda Sports and Military-Patriotic Club of Army Hand-to-Hand Combat,"Russian Presidential Grants Fund (2023, about 0.5 million roubles)","Hand-to-hand combat from age 5, shooting, grenade throwing, disassembling the AK-74, medical training",Not stated,https://war-sanctions.gur.gov.ua/kidnappers/companies/13689; https://investigator.org.ua/ua/investigations/266111/,Confirmed,,Head I. V. Novikov; listed by the Myrotvorets database as a former Wagner Group fighter (not independently verified).
17,Avangard training and methodological centre / «Авангард»,Youth movement or federal structure,State network of methodological centres for military-patriotic education,Initiated by S. Shoigu (former Russian defence minister); network of more than 100 centres across Russia,"Crimea (Simferopol / Orikhove village, Kerch, Yevpatoria); Luhansk oblast",Crimea; Luhansk oblast,"Orikhove village (Simferopol district), Kerch, Yevpatoria","Office 1, Building 9, Patriot Park, Odintsovo, Moscow oblast, Russia, 143070 (head office)","October 2023 (first camp session in Crimea); April 2024 (agreement with the ""LNR"")",Autonomous non-profit organisation: Avangard Training and Methodological Centre for the Military-Patriotic Education of Youth,Russian federal budget,Five-day sessions for pupils in years 9 to 11; the Crimean Avangard operates in Kerch through the Sviatohor club and in Yevpatoria through Krympatriotcentr,First session 100 children (October 2023); at least 10 sessions planned for 2024,https://24tv.ua/avangard-voyin-tot-yak-rf-gotuye-ditey-do-viyni-osint-rozsliduvannya_n2998199; https://www.radiosvoboda.org/a/news-rosia-militaryzatsia-molodi-krym/32865216.html; https://war-sanctions.gur.gov.ua/kidnappers/companies/12013; https://militarnyi.com/,Confirmed,,"A plot of more than 10 hectares was taken from the former Gagarin camp for construction; UK sanctions (FCDO, 19 November 2024, together with Yunarmiya). The Avangard camp in Volgograd oblast, the network's main site for children from the occupied territories, took about 2,200 to 2,600 adolescents in 2024 and 3,400 in 2025, with about 4,500 planned for 2026; the first 2026 session had about 900 cadets and the final August 2026 session about 1,200 from 55 regions (Centre for the Study of Occupation, August 2026)."
18,DOSAAF of Russia / ДОСААФ России,Youth movement or federal structure,State paramilitary organisation (all-Russian),Russian Ministry of Defence; co-founder of Yunarmiya since 2016,All six occupied territories,Crimea; Sevastopol; Donetsk oblast; Luhansk oblast; Zaporizhzhia oblast; Kherson oblast,"Network of regional branches (Crimea, Sevastopol, occupied Donetsk and Luhansk, Zaporizhzhia, Kherson region)","Building 3, Block 3, 88 Volokolamske Highway, Moscow, 125424 (head office)","Activity extended to the occupied territories from 2014 and 2022; draft law on direct budget funding, August 2024",All-Russian public-state organisation DOSAAF of Russia,State budget (partly through the Russian defence and education ministries; direct funding planned),"Pre-conscription training, training of territorial-defence fighters; coordination of the network of military-patriotic clubs in the occupied territories",Not stated (all-Russian structure),https://war-sanctions.gur.gov.ua/kidnappers/companies/13989; https://almenda.org/rol-yaltinskogo-oseredku-dtsaaf-u-militarizacii-ditej-na-timchasovo-okupovanij-teritorii/; https://archive.ph/JFMm8; https://www.radiosvoboda.org/a/news-zelensky-sanktsii-artek/33439180.html,Confirmed,,"Ukrainian presidential sanctions against the Sevastopol branch (2025); federal structure, see entries 25 to 30."
19,"Rus club, Luhansk oblast / ВПК «Русь»","Club, cadet corps or camp inside the territory",Military-patriotic club,"Interregional youth public organisation Rus Military-Patriotic Club, VIYuR group; curator a reserve FSB colonel, O. V. Medvedev",Luhansk oblast,Luhansk oblast,Slovianoserbsk,"Flat 16, 64 Lenina Street, Slovianoserbsk, 293701",Not established,NGO: Rus Regional Youth Military-Patriotic Club,Not established,"Forming ""patriotic consciousness"", preparation for military service; annual trips to military field camps in Russia (hostage-rescue combat, knife throwing, weapons assembly)",Not stated,https://war-sanctions.gur.gov.ua/kidnappers/companies/13861,Likely,Dates and numbers need clarification,Curator is an FSB officer; close ties to Russian security structures.
20,"Spasaya Detstvo (""Saving Childhood"") charitable foundation / БФ «Спасая детство»",Camp or centre moving children out of their territory,Charitable foundation (mechanism of forced transfer),"Russian presidential administration; Russian Ministry of Sport; ""ministry of sport and tourism of the DNR""",Donetsk oblast (origin of the children); transfer to Russia,Donetsk oblast,Not applicable,"Premises 213, Floor 6, Building 9, Greenwood, Putilkovo, Krasnogorsk, Moscow oblast, Russia, 143440","""Children Are Our Future"" project, August 2023",Charitable foundation Spasaya Detstvo,Not established,"Organising the ""evacuation"" and ""recuperation"" of children under the guise of humanitarian aid; forced transfer of 400 children to Adygea, Kalmykia, Krasnodar krai, Astrakhan, Vologda and Rostov oblasts, Crimea and Sevastopol",400 children (August 2023),https://war-sanctions.gur.gov.ua/kidnappers/companies/13036; https://zmina.info/news/ministerstvo-transportu-rf-spryyaye-vyvezennyu-400-ukrayinskyh-ditej-z-donechchyny-na-terytoriyu-rosiyi-ta-krymu-dzherela-zmina1/,Confirmed,,Cross-tag: Accountability and Legal (forced deportation; the child leaves the territory).
21,Volunteers of Victory all-Russian movement / «Волонтеры Победы»,Youth movement or federal structure,State-public movement,Rosmolodyozh; joint projects with the Russian Ministry of Science and Russian Railways,Zaporizhzhia oblast; Crimea,Zaporizhzhia oblast; Crimea,"Zaporizhzhia oblast (regional branch); Crimea (""Victory Train"" project)",Not applicable,"2024 (""Victory Train"" in Crimea)",All-Russian public movement Volunteers of Victory,Federal budget; joint projects with state corporations,"School for training volunteer propagandists; a travelling museum train for children designed to create an ""emotional connection with the war""",Not stated,https://almenda.org/finansuvannya-molodizhnoi-politiki-v-rosii/; https://war-sanctions.gur.gov.ua/kidnappers/companies/12014; https://www.gov.uk/government/news/uk-sanctions-actors-forcibly-deporting-indoctrinating-and-militarising-ukrainian-children; https://qirim.news/,Confirmed,,"UK sanctions, 3 September 2025 (together with the Movement of the First)."
22,"Union of Border Guards of Crimea, Simferopol / «Союз пограничников Крыма»","Club, cadet corps or camp inside the territory",Public organisation (paramilitary),Not established; recipient of presidential grants (12 grants since 2019),Crimea,Crimea,Simferopol,Not established,October 2014 (registered),Public organisation (Russian register),Russian Presidential Grants Fund,"Weapons lessons, basic military training, initiation of first-year pupils as ""young friends of the border guard""; construction of the Defender of the Fatherland centre (range, climbing wall, shooting gallery)",Not stated,https://crimea-radio.ru/soyuz-pogranichnikov-krima-aktivno-zan/; https://ru.krymr.com/a/news-krym-ukraina-podozreniye-militarizatsiya-krymskikh-detey/33745237.html; https://investigator.org.ua/ua/news-2/novosti-krym/275066/,Confirmed,,Head O. H. Diachenko (a Ukrainian citizen) served with a notice of suspicion (April 2025); the same Diachenko heads Varyag (entry 2).
23,"Military-Patriotic Youth of Good Will, Alupka / «Военно-патриотическая молодёжь доброй воли»","Club, cadet corps or camp inside the territory",Organisation (formally registered under parks of culture and recreation),Not established,Crimea,Crimea,Alupka,Not established,2016,Public organisation (Russian register),"Grants (2019, 2021: 3.4 million roubles for the LUCH project)",Camp-based preparation of children and adolescents aged 10 to 18 for service in the Russian army,Not stated,https://investigator.org.ua/ua/investigations/266966/; https://life.pravda.com.ua/columns/2020/09/21/242391/,Likely,,Head M. M. Boichuk (until May 2024) also heads the Yalta headquarters of Yunarmiya.
24,Young Sevastopolites / «Юные севастопольцы»,Youth movement or federal structure,Patriotic movement (no legal-entity status),Extension of Yunarmiya's age range downwards,Sevastopol,Sevastopol,Sevastopol,Not applicable,March 2024 (first data on mass participation),Not a separate legal entity,Not established,"""Initiation"" of pre-school children (a ""patriots' oath"", tying of blue neckerchiefs) with the participation of Yunarmiya members, servicemen of the 810th Marine Brigade and veterans of Boevoe Bratstvo","4,000 pre-school children (March 2024)",https://investigator.org.ua/ua/investigations/266966/; https://crimea-news.com/society/2024/03/15/1324489.html,Confirmed,,In practice an extension of Yunarmiya to pre-school age; the youngest cohort documented in the dataset.
25,"Yunarmiya (""Youth Army"") / «Юнармия»",Youth movement or federal structure,State youth movement (all-Russian),Russian Ministry of Defence; co-founder DOSAAF (since 2016),All six occupied territories,Crimea; Sevastopol; Donetsk oblast; Luhansk oblast; Zaporizhzhia oblast; Kherson oblast,"Network of branches (Crimea, Sevastopol, occupied Donetsk and Luhansk, Zaporizhzhia, Kherson region)",Not applicable,"Late 2015 to early 2016 (Putin decree No. 536 of 29 October 2015); Donbas, spring 2019; the other occupied territories, November 2022",All-Russian movement subordinate to the Russian Ministry of Defence,"State budget: 2024, 270 million roubles directly to Yunarmiya (out of 46 billion roubles for ""patriotic education"" overall); 2025, about 800 million roubles planned plus 200 million from the Ministry of Defence","Assembling and disassembling Kalashnikov rifles, shooting, drill and tactical training; coordinates clubs (Amazonki, Vityaz), channels members into cadet classes, military colleges and the Voin centre","At least 50,000 in the occupied territories (2024 to 2025): LNR 102 detachments in 24 municipalities, over 6,000 members; DNR over 5,000; Crimea 15,000 (from 1,500 in 2017); Russia-wide about 1.8 million","https://yunarmy.ru/; https://investigator.org.ua/ua/investigations/266966/; Barbieri, Ethnopolitics 23(5), 2024, pp. 515 to 536; Hird et al., ISW, 2024",Confirmed,,"US sanctions (OFAC, 3 July 2024) and UK sanctions (FCDO, 19 November 2024); head V. Golovin (""Struna"") from December 2024, Hero of Russia; on 11 May 2025 Pushilin ordered 100% enrolment of Mariupol schoolchildren."
26,Movement of the First / «Движение первых»,Youth movement or federal structure,State-public movement of children and youth (all-Russian),Absorbed the Russian Schoolchildren's Movement and Bolshaya Peremena; Orlyata Rossii is its primary-school arm,All six occupied territories,Crimea; Sevastopol; Donetsk oblast; Luhansk oblast; Zaporizhzhia oblast; Kherson oblast,"Mariupol (40 branches in 27 institutions), Zaporizhzhia oblast (190 branches), LNR (about 3,500 detachments)",Not applicable,2022 (created); December 2022 (first branches in the occupied territories),All-Russian public-state movement of children and youth,Russian state budget,"Zarnitsa games, meetings with participants in the war, ""patronage"" of soldiers' families; use of the Z and V symbols and the St George ribbon","Mariupol 1,500 children; Zaporizhzhia oblast 19,000 children; LNR over 70,000 events per school year","https://www.gov.uk/government/news/uk-sanctions-actors-forcibly-deporting-indoctrinating-and-militarising-ukrainian-children; Hird et al., ISW, 2024; McGlynn et al., Capturing the Minds, 2026",Confirmed,,"UK sanctions, 3 September 2025, together with Volunteers of Victory."
27,Young Guard of United Russia (MGER) / Молодая Гвардия Единой России,Youth movement or federal structure,Youth wing of the ruling party,United Russia party; ideological curator State Duma deputy and GRU officer D. Sablin,Donetsk oblast; branches across the occupied territories,Donetsk oblast; Crimea; Sevastopol; Luhansk oblast; Zaporizhzhia oblast; Kherson oblast,Mariupol (from 27 October 2022),Not applicable,27 October 2022 (Mariupol branch),Youth public organisation,Party and state funding,"""Patriotic education"", volunteering for the Russian army, mounting ""Hero's Stars"" on the homes of killed occupation soldiers (with Molodaya Respublika); a volunteer company with Boevoe Bratstvo",Not stated,"Centre for the Study of Occupation monitoring, Mariupol, June 2025 to 2026 (held in the TOT Insights private repository)",Likely,Source is internal monitoring,"Head M. Averkin, convicted in absentia in Ukraine."
28,Rospatriotcentr and the Russian Union of Martial Arts / Роспатриотцентр,Youth movement or federal structure,Federal state structure,Co-chairs S. Kiriyenko (first deputy head of the Russian presidential administration) and Yu. Trutnev (deputy prime minister); project approved by Putin in September 2022,"Kherson, Zaporizhzhia, Luhansk and Donetsk oblasts (through the Voin network)",Kherson oblast; Zaporizhzhia oblast; Luhansk oblast; Donetsk oblast,Not applicable,Not applicable,September 2022,Federal state structure,State budget,Initiating and rolling out the network of Voin centres across the four occupied oblasts,Not stated,"Shevchenko, Luhansk Information Centre, 14 February 2024; Jamestown Foundation, July 2026",Likely,,Formal federal curator of the Voin centres (entry 11).
29,Russian Military-Historical Society (RVIO) / Российское военно-историческое общество,Youth movement or federal structure,State historical-ideological organisation,"Founder and chair V. Medinsky, aide to Putin","Donetsk, Luhansk and Zaporizhzhia oblasts",Donetsk oblast; Luhansk oblast; Zaporizhzhia oblast,Not applicable,Not applicable,Not established,State organisation,State budget,"Drone-piloting and weapons-handling programmes for children, ""military-historical"" lessons and camps, fundraising for drones and weapons, publication of textbooks denying Ukrainian statehood (""History of Donbas and Novorossiya"")",Not stated,"Radio Svoboda / Schemes, 2025; Centre for the Study of Occupation monitoring, Donetsk oblast, July to August 2025",Likely,,"Builds memorials to ""defenders of Donbas"" and ""Alleys of Heroes""."
30,Rosmolodyozh (Federal Agency for Youth Affairs) / Росмолодёжь,Youth movement or federal structure,Federal agency for youth affairs,Federal executive body of the Russian Federation,All six occupied territories (grant funding),Crimea; Sevastopol; Donetsk oblast; Luhansk oblast; Zaporizhzhia oblast; Kherson oblast,For example Donetsk (the 30/09 complex),Not applicable,Not established,Federal agency,Russian federal budget (Rosmolodyozh.Grants programme),"Funding of youth centres, karting clubs and co-working spaces at universities; ""volunteer"" and ""patriotic"" projects",Not stated,https://almenda.org/finansuvannya-molodizhnoi-politiki-v-rosii/,Confirmed,,Involved in launching the Yug Molodoy movement (entry 8).
31,"Patriot youth centre, Kherson oblast / АНО «Молодежный центр «Патриот»»","Club, cadet corps or camp inside the territory",Youth centre (not to be confused with the Patriot club in Yevpatoria),Cooperates with Yunarmiya and Rosgvardia,Kherson oblast,Kherson oblast,Henichesk; Khlibodarivka village (Chaplynka district),Not established,Documented from August 2025,Autonomous non-profit organisation,Not established,"Military-sports camps and paramilitary relay races for schoolchildren: drill, assembling and disassembling the AK-74M, loading magazines, air-rifle shooting, first aid; Rosgvardia officers act as ""judge-instructors""",Not stated,"Centre for the Study of Occupation monitoring, Henichesk, 6 August 2025, and Khlibodarivka, 19 September 2025",Likely,Source is internal monitoring,"""Holidays with Rosgvardia"" relay race (6 August 2025)."
32,Karachun youth Cossack detachment / Молодежный казачий отряд «Карачун»,"Club, cadet corps or camp inside the territory",Youth Cossack paramilitary detachment,Not established,Donetsk and Luhansk oblasts,Donetsk oblast; Luhansk oblast,Not established,Not established,Summer 2025,Not established,Not established,"Lectures on ""extremism and terrorism"", sabre master classes, ""Cossack mentoring""; a women's project, Berehyni; target age group described as ""between Yunarmiya and Voin""",Not stated,"Centre for the Study of Occupation monitoring, Donetsk oblast, November 2025, and Mariupol, December 2025",Likely,Source is internal monitoring,Ataman: Bohdan Solodchenko.
33,"Redut military-patriotic centre, Luhansk / «Редут»","Club, cadet corps or camp inside the territory",Military-patriotic centre (at a university),Luhansk Taras Shevchenko Pedagogical University,Luhansk oblast,Luhansk oblast,Luhansk,Not applicable,Autumn 2025,Not established,Not established,"Weapons training (mock-ups, VR simulators, laser tag) for students and schoolchildren; linked to the Zachyot forum",Not stated,"Centre for the Study of Occupation monitoring, Luhansk oblast, November 2025",Likely,Source is internal monitoring,"Named after a killed fighter, B. Belhrai."
34,"Molodaya Respublika (""Young Republic""), DNR / Молодая Республика",Youth movement or federal structure,Pro-Russian youth movement,Works with the Young Guard of United Russia,Donetsk oblast,Donetsk oblast,Zhdanivka and other towns,Not applicable,Not established,Not established,Not established,"Mounting ""Hero's Stars"" and memorial stars on the homes of killed participants in the war; involving schoolchildren and students alongside branches of the Movement of the First and Yunarmiya",Not stated,"Centre for the Study of Occupation monitoring, Donetsk oblast, October 2025 and January 2026",Likely,Source is internal monitoring,Acts jointly with the Boevoe Bratstvo volunteer company (entry 39).
35,Luhansk Character educational programme / «Луганский характер»,Curriculum programme,Curriculum programme,"Order of the ""head of the LNR"" L. Pasechnik; delivered through Movement of the First detachments",Luhansk oblast,Luhansk oblast,All schools in the LNR,Not applicable,2024 (launched),Regional school programme,Budget of the LNR occupation administration,"Tiered structure (primary school ""September Eaglets"", middle school ""Pioneers"", senior school ""Toilers"") layered onto Yunarmiya, Znanie and the Movement of the First","About 3,500 detachments (according to the ""LNR minister of education"" I. Kusov)","Centre for the Study of Occupation monitoring, Luhansk oblast, August to October 2025",Likely,Source is internal monitoring,"Type: curriculum programme; Pasechnik calls it ""know-how"" and plans to scale it up."
36,"Rubikon military field camps and the People's Militia (Narodnaya Druzhina), Donetsk oblast / «Рубикон» и «Народная дружина»","Club, cadet corps or camp inside the territory",One-off military field camps,People's Militia (paramilitary formation),Donetsk oblast,Donetsk oblast,Not established,Not applicable,October 2025 (five-day camp),Not established,Not established,"Weapons handling, tactics, combat medicine, drone piloting; instructors described by propaganda as former Ukrainian servicemen",Not stated,"Centre for the Study of Occupation monitoring, Donetsk oblast, October 2025",Needs verification,"One-off event, recorded as an activity of the People's Militia rather than a separate organisation",Example of a one-off event; the People's Militia itself is to be assessed separately against the recurring-presence criterion.
37,"Komsomol (revived), Mariupol / «Комсомол»",Youth movement or federal structure,Soviet-style youth movement,Local occupation administration,Donetsk oblast,Donetsk oblast,Mariupol (Pryazovskyi State Technical University),Not applicable,7 August 2023,Not established,Not established,"Clean-ups, painting monuments, raising the red flag, the ""Return Lenin to Mariupol"" campaign (June 2025)",Not stated,"Centre for the Study of Occupation monitoring, Mariupol, June 2025",Likely,Source is internal monitoring,"Head O. Makhankov; assessed as co-opting ""marginalised far-left adolescents""; a youth ideological structure rather than a paramilitary training centre."
38,"Espanola, Mariupol / «Эспаньола»",Adult formation recruiting youth,Adult paramilitary formation (focus on youth recruitment),Originates from an association of Russian football ultras,Donetsk oblast,Donetsk oblast,Mariupol,Not applicable,Not established,Not established,Not established,Recruitment of marginalised young people into the formation,Not stated,"Centre for the Study of Occupation monitoring, Mariupol, June 2025",Needs verification,,Differs in type from other entries: an adult armed formation included for its role in drawing in young people; to be marked separately from youth organisations proper.
39,"Boevoe Bratstvo volunteer company, Mariupol / Добровольческая рота «Боевого братства»",Veterans' organisation,Youth-volunteer wing of a veterans' organisation,All-Russian veterans' organisation Boevoe Bratstvo; works in tandem with the Young Guard of United Russia,Donetsk oblast,Donetsk oblast,Mariupol,Not applicable,May 2022,Company attached to the regional branch of Boevoe Bratstvo,Not established,"Searching for missing persons, distributing aid, camps, memorial events",Rotations of 20 to 100 people,"Centre for the Study of Occupation monitoring, Mariupol, June 2025",Confirmed,"Structural, recurring presence",Leaders A. Demydov (MGER) and S. Kuzmenko; curator D. Sablin (GRU); an example of structural rather than one-off involvement by a veterans' organisation (see the rule on veterans' organisations).
40,"Krasnaya Gvozdika (""Red Carnation"") camp, Zaporizhzhia oblast / Лагерь «Красная гвоздика»","Club, cadet corps or camp inside the territory",Children's camp (inside the territory; militarisation),Not established,Zaporizhzhia oblast,Zaporizhzhia oblast,Not established,Not applicable,Operating since at least 2024,Not established,Not established,Not detailed; assessed as indoctrination of children in place without removal to Russia,"About 1,500 children in 2025 (double the previous year)","TOT Insights, Education and Militarisation analytical brief, 2026",Likely,,No cross-tag: the camp operates inside the occupied territory and the child does not leave it (see the rule on camps).
41,"Youth Golden Fund, Berdiansk / «Молодежный золотой фонд»",Youth movement or federal structure,Network and grant programme for youth activists,Not established,Zaporizhzhia oblast,Zaporizhzhia oblast,Berdiansk,Not applicable,Activity recorded as of 30 June 2026,Grant programme,Grant support (over 4.3 million roubles),"Building a pro-Russian cadre of youth leaders for ""electoral"", volunteer and campaigning events; linked to ""tactical medicine and search detachments""",53 activists (recorded 30 June 2026),"Centre for the Study of Occupation monitoring, Zaporizhzhia oblast, June 2026",Likely,Source is internal monitoring,Prepares young people for work with combat trauma and casualty evacuation.
42,"Russian Orthodox Church paramilitary youth clubs (Orthodox Knights, Keepers of the Faith, Patriot and others)","Club, cadet corps or camp inside the territory",Network of religiously affiliated military-patriotic clubs,Russian Orthodox Church,All six occupied territories,Crimea; Sevastopol; Donetsk oblast; Luhansk oblast; Zaporizhzhia oblast; Kherson oblast,Network (at least 150 clubs and camps),Not applicable,Not established,Clubs and camps affiliated with the Russian Orthodox Church,Church and grant funding (not detailed),"Tactical training, shooting and weapons handling combined with an ideology of ""service to Russia""; the Brotherhood of Orthodox Pathfinders runs ""Cadet Corps"" camps (fortification, medicine; priests teach disassembly of the AK-74)","At least 150 clubs and camps; about 25,000 minors a year","TOT Insights, The Voin Generation (2026), citing Eastern Human Rights Group / ISRS data, September to October 2025",Likely,Aggregated estimate for a network,"The Church has also published the brochure ""To Live Is to Serve the Motherland"" and runs the Spas centre (Tambov) and Predtechenskiy Gorodok (Rostov)."
43,"Cossack youth paramilitary structures of Crimea (School of Young Atamans, Crimean Cossack Kurin, Crimean District Cossack Society, Bulat centre, Union of Paratroopers of Crimea)","Club, cadet corps or camp inside the territory",Network of Cossack paramilitary structures,Black Sea Cossack Host / state budgetary institution Cossacks of Crimea,Crimea,Crimea,"Crimean Federal University (Simferopol), Bilohirka village, Krasnoperekopsk",Not applicable,"Crimean Cossack Kurin, 2004; others not established",Network of Cossack societies,Not established,"Drill, shooting, sabre handling, tactical medicine, the game ""Cossack Alarm""; a range and trenches at the Bulat centre",290 to 500 children per session (School of Young Atamans),"""Universal Soldier"" and monitoring reports of the Almenda centre, 2022 to 2025; Ukrainian Helsinki Human Rights Union / USAID, 2020",Likely,Aggregated estimate for a network,Head of the School of Young Atamans: V. Motuzko.
44,"Other military-patriotic clubs and field camps in Crimea and the south (Crimea Tactics, Gornyi camp, Selet-Ak Bars, Crimean Frontier camp, Preobrazhenskyi centre, ROKOT, Red Eagle, SKIL, DOSAAF Yalta / Arkhangel)","Club, cadet corps or camp inside the territory",Network of clubs and field camps (inside the territory),Not established,Crimea,Crimea; Sevastopol,"Simferopol, Sevastopol, Foros, Mykolaivka, Yalta",Not applicable,Not established,Network of separate clubs and camps,Not established,"The programmes ""Mountain Rifleman"" and ""Young Warrior"" and the game ""Shield and Sword"" (shooting, tactics, drones); firearms, medical, engineering and CBRN training (Foros); training of drone operators, Arkhangel (Yalta)",Crimean Frontier camp: over 600 children,"""Universal Soldier"" and monitoring reports, including July to September 2025",Likely,Aggregated estimate for a network,Instructors at Foros are the Heroes of Russia D. Polkovnikov and V. Nedobezhkin (see entry 5).
45,"Amazonki club, Horlivka / ВПК «Амазонки»","Club, cadet corps or camp inside the territory","Predominantly female military-sports club (historical, 2014 to 2019)",Member of the Yunarmiya movement,Donetsk oblast,Donetsk oblast,Horlivka,Not applicable,From the first years of the occupation of Donbas (2014 to 2015),Not established,Not established,Sniper training; participation in competitions in Moscow oblast,Not stated,"Barbieri, Ethnopolitics 23(5), 2024, pp. 519 to 520",Confirmed,,"Historical record, to 2019."
46,"Vityaz club, Donetsk / ВПК «Витязь»","Club, cadet corps or camp inside the territory",Predominantly female military-patriotic club (historical),Member of the Yunarmiya movement,Donetsk oblast,Donetsk oblast,Donetsk,Not applicable,2014 to 2019,Not established,Not established,"Annual competitions at a military ""college""; winners sent to a Russian ""patriotic"" camp; some members joined the ""DNR"" armed forces",Not stated,"Barbieri, Ethnopolitics 23(5), 2024, pp. 519 to 520",Confirmed,,Head coach a former Russian officer and Afghanistan veteran.
47,"Dobrovolets club, LNR / ВПК «Доброволец»","Club, cadet corps or camp inside the territory",Military-patriotic club (historical),Not established,Luhansk oblast,Luhansk oblast,Not established,Not applicable,2014 to 2019,Not established,Not established,"The commander openly stated that the club trained recruits for the ""republic's"" security apparatus",Not stated,"Barbieri, Ethnopolitics 23(5), 2024, p. 519",Confirmed,,
48,"Berkut and Russkiy Medved clubs, Dokuchaievsk / ВПК «Беркут» и «Русский медведь»","Club, cadet corps or camp inside the territory",Military-patriotic clubs (historical),"Received ""patriotism lessons"" from the ""DNR ministry of information""",Donetsk oblast,Donetsk oblast,Dokuchaievsk,Not applicable,2014 to 2019,Not established,Not established,Master classes for schoolchildren in assembling and disassembling Kalashnikov rifles and hand-to-hand combat,Not stated,"Barbieri, Ethnopolitics 23(5), 2024, pp. 521 to 522; Ukrainian Helsinki Human Rights Union / USAID, 2020, pp. 44 to 50",Confirmed,,"The number of military-patriotic clubs in the ""DNR"" tripled between 2014 and 2019, to 62."
49,O. Grishin Association of Military-Patriotic Clubs / Patriotic Forces of Donbas,"Club, cadet corps or camp inside the territory",Umbrella structure (historical),"Initiated by O. Khodakovsky (commander of Vostok, former commander of the SBU's Crimean Alpha unit, former ""DNR minister of state security"")",Donetsk oblast,Donetsk oblast,Not established,Not applicable,February 2016,Not established,Not established,"Preparing young people for entry to the military ""colleges"" of the ""DNR"" and ""LNR""",Not stated,"Barbieri, Ethnopolitics 23(5), 2024, p. 520",Confirmed,,"Patriotic Forces of Donbas was later merged into the regular armed formations of the ""DNR""."
50,"Vympel camp, DNR / Табір «Вымпел»","Club, cadet corps or camp inside the territory","Children's and youth military camp (historical, inside the territory)",Vostok battalion,Donetsk oblast,Donetsk oblast,Not established,Not applicable,July 2015,Not established,Not established,"Military and medical training, survival skills, weapons assembly; vehicle training by fighters of the Oplot battalion","Children aged 10 to 17 from various ""DNR"" clubs","Barbieri, Ethnopolitics 23(5), 2024, p. 520",Confirmed,,"Oplot's commander was O. Zakharchenko, later ""head of the DNR""."
51,"Lesnye Prostory camp, LNR / Табір «Лесные просторы»","Club, cadet corps or camp inside the territory","Children's and youth military camp (historical, inside the territory)",Vernoe Kazachestvo / Patriotic Association of Donbas,Luhansk oblast,Luhansk oblast,Not established,Not applicable,2016,Not established,Not established,"Annual ""St George"" military-patriotic rally; recruitment by officers of the ""LNR interior ministry"" for service in the security structures",Not stated,"Barbieri, Ethnopolitics 23(5), 2024, pp. 520 to 521",Confirmed,,"Became the model for other ""LNR"" camps."
52,"Vernoe Kazachestvo and the Patriotic Association of Donbas, LNR / «Верное казачество» и «Патриотическая ассоциация Донбасса»","Club, cadet corps or camp inside the territory",Cossack organisation / inter-agency project (historical),"""Ministries"" of internal affairs, emergencies and education of the ""LNR""",Luhansk oblast,Luhansk oblast,Not established,Not applicable,2004 (founding of Vernoe Kazachestvo),Not established,Not established,"Running the ""St George rally"" at the Lesnye Prostory camp",Not stated,"Barbieri, Ethnopolitics 23(5), 2024, p. 521",Confirmed,,Ataman: O. Selivanov.
53,"A. Zakharchenko Cadet Corps, Donetsk School No. 4 / Кадетский корпус им. А. Захарченко","Club, cadet corps or camp inside the territory",Cadet corps (school; historical with current status),"Personal initiative of O. Zakharchenko (first ""DNR"" leader)",Donetsk oblast,Donetsk oblast,Donetsk,Not applicable,2017,"""School No. 4, A. Zakharchenko Cadet Corps""",Not established,"Weapons handling and elements of hand-to-hand combat from year 4 (in military uniform); meetings with veterans, participation in ""Victory parades"" (Moscow, Volgograd)","About 200 children (as of 2024, including first-year pupils)","Freedom House / ZMINA / Regional Centre for Human Rights / Viasna / BELPOL, ""Stolen Childhood"", October 2024, section 2.4 (pp. 17 to 19)",Confirmed,,"In September 2022, 52 cadets aged 8 to 13 were taken to the Dubrava camp in Belarus. Cross-tag: Accountability and Legal (transfer of children)."
54,"Night Wolves, Luhansk chapter / Луганский осередок «Ночные волки»","Club, cadet corps or camp inside the territory",Motorcycle club / paramilitary formation (historical with current status),"Registered as ""LNR people's militia"" under the ""interior ministry""",Luhansk oblast,Luhansk oblast,Luhansk,Not applicable,Chapter registered; museum opened 2016,"""LNR people's militia""",Not established,"Mandate for patriotic education; a ""war museum"" for ""cultivating the military-patriotic spirit of youth""",Not stated,"Barbieri, Ethnopolitics 23(5), 2024, p. 522",Confirmed,,The club is personally linked to Putin.
55,"Artek International Children's Centre, Hurzuf / «Артек»",Camp or centre moving children out of their territory,State children's centre (removal outside the territory of origin),Overseen by Russian deputy prime minister D. Chernyshenko,Crimea,Crimea; Donetsk oblast; Luhansk oblast; Zaporizhzhia oblast; Kherson oblast,Hurzuf,Not applicable,Not established (capacity being expanded),State children's centre,Russian state budget,Indoctrination and Russification of local youth and of young people brought from other occupied territories,Not stated,https://www.radiosvoboda.org/a/news-zelensky-sanktsii-artek/33439180.html,Confirmed,,"Cross-tag: Accountability and Legal (the child leaves the territory of origin); Ukrainian presidential sanctions, 10 June 2025."
56,"Luchistyi and Druzhba camps, Yevpatoria / Табори «Лучистый» і «Дружба»",Camp or centre moving children out of their territory,"Children's ""health"" camps (removal of children from other occupied oblasts)",Not established,Crimea (receiving); Kherson oblast (origin of the children),Crimea; Kherson oblast,Yevpatoria,Not applicable,Transfer documented 6 to 7 October 2022,Not established,Not established,"Holding children, confiscating phones and cutting contact with families for ""bad behaviour"" or refusing to sing the Russian anthem; isolation (""punishment cell"") of adolescents with pro-Ukrainian views","Druzhba: about 100 ""cadets""","Ukrainian Helsinki Human Rights Union / USAID, ""Return of Deported Ukrainian Children by Their Parents"", 2023, p. 24; Save Ukraine / War Child UK, ""Return Every Child"", 2025, pp. 24 to 25",Confirmed,,Cross-tag: Accountability and Legal (forced inter-oblast transfer of children within the occupied territories with the features of a deportation mechanism).
57,"Russian Special Forces University, Gudermes, Chechnya, and the ""Teenagers of Russia"" programme",Camp or centre moving children out of their territory,Federal re-education centre (removal to Russia),"Decision of M. Lvova-Belova (Russian children's rights commissioner) and R. Kadyrov; curator ""minister"" A. Dudayev",Donetsk and Luhansk oblasts (origin of the children); Chechnya (receiving),Donetsk oblast; Luhansk oblast,Gudermes; Gornyi Klyuch camp (Grozny),Not applicable,"Not established (late 2022, the ""Forces of the Caucasus"" project)",Federal programme,State budget,"""Military-patriotic education"": tours of the training ground, lectures on ""heroes of Rosgvardia"", weapons-handling training","Stated aim of expanding to 1,000 adolescents; about 200 adolescents (""Forces of the Caucasus"" project, late 2022)","ZMINA, ""Forced Transfer and Deportation to Russia of Children from the Occupied Territories of Ukraine"", April 2023, p. 20; National Council of Ukraine on Television and Radio Broadcasting, analytical report 2023, pp. 23 and 28 to 29",Confirmed,,Cross-tag: Accountability and Legal (the child leaves the territory).
58,"Smena centre, Krasnodar krai / Центр «Смена»",Camp or centre moving children out of their territory,State children's centre (removal to Russia),Russian Ministry of Education,Four occupied oblasts (origin of the children),Donetsk oblast; Luhansk oblast; Zaporizhzhia oblast; Kherson oblast,Not applicable,Not applicable,Not established,State children's centre,State budget,"Building drones, mine detectors and magazine-loading devices for rifles; firearms training, tactical medicine, parachute training (for children from Donetsk oblast)",Over 300 children (Yale HRL),"Yale School of Public Health, Humanitarian Research Lab, report of 16 September 2025",Confirmed,,Cross-tag: Accountability and Legal (the child leaves the territory); part of the network of 210 facilities identified by Yale HRL.
59,"""Children of Donbas"" initiative, Snegiri, Moscow oblast / «Дети Донбасса»",Camp or centre moving children out of their territory,Programme for removing children to Russia,"Linked to the Russian State Duma; initiators L. Kalashnikov, G. Zyuganov, I. Kobzon",Donetsk and Luhansk oblasts (origin of the children),Donetsk oblast; Luhansk oblast,Snegiri (Moscow oblast),Not applicable,From 2015,Not established,Not established,"""Rest from shelling"" and integration of children at a holiday home","About 16,000 children since 2015 (according to the organisers)","National Council of Ukraine on Television and Radio Broadcasting, analytical report 2023, pp. 12 to 13",Confirmed,,Cross-tag: Accountability and Legal (the child leaves the territory); the initiators are sanctioned for this activity.
60,"Sirius educational centre, Sochi / «Сириус»",Camp or centre moving children out of their territory,Federal educational centre (removal to Russia),Office of the Russian children's rights commissioner,Donetsk oblast (origin of the children),Donetsk oblast,Sochi,Not applicable,Not established,State educational centre,State budget,"""Integration sessions"" under the guise of ""career guidance and moral support""; in practice re-education and adaptation ""to life in a new country""",Not stated,"National Council of Ukraine on Television and Radio Broadcasting, analytical report 2023, p. 23",Likely,,Cross-tag: Accountability and Legal (the child leaves the territory).
61,Cadet and Cossack classes and corps in the occupied territories (network),Curriculum programme,Curriculum programme / school structure,"Patrons: Rosgvardia, FSB, Russian Investigative Committee, Emergencies Ministry, Interior Ministry, sometimes the Ministry of Defence; Cossack classes under the Crimean Cossack District",All six occupied territories,Crimea; Sevastopol; Donetsk oblast; Luhansk oblast; Zaporizhzhia oblast; Kherson oblast,"Crimea (109 rising to 244 classes in 78 schools), LNR (86 cadet and 62 Cossack classes), Zaporizhzhia oblast (11 to 13), Kherson oblast (8 to 9), Mariupol (School No. 28), Luhansk (Luhansk Cossack Cadet Corps)",Not applicable,"Crimea, from 2015",Network of school classes and corps within general education institutions,"State budget and departmental funding (Rosgvardia, Investigative Committee, Emergencies Ministry, Interior Ministry)","Drill, hand-to-hand combat, weapons handling and shooting within the school curriculum; apex institutions are the Crimean Cadet Corps (53% of graduates go on to the universities of Russia's security ministries), the Mariupol branch of the Nakhimov Naval School (560 places) and the Sevastopol Presidential Cadet School",Crimea: 244 classes in 78 schools (2023/24),"Crimean Human Rights House / Crimean Human Rights Group / Regional Centre for Human Rights / Almenda / ZMINA, 2021, pp. 63 to 65; Crimean Human Rights Group, 12 June 2020, https://crimeahrg.org/uk/rosijske-kadetstvo-zamist-krimskogo-ditinstva/; Save Ukraine / War Child UK, 2025",Confirmed,,Type: curriculum programme or structure; no membership or premises outside the school network.
62,"""Anti-terror schools"", Mariupol Schools No. 14 and No. 59 / «Школы антитеррора»",Curriculum programme,Curriculum programme,Civil defence corps of Moscow oblast,Donetsk oblast,Donetsk oblast,Mariupol,Not applicable,Not established,School programme,Not established,"Shaping a perception of Ukrainians as a ""terrorist threat"", building barricades; standing ""rescue detachments"" as institutionalised children's paramilitary groups",Not stated,"TOT Insights, Education and Militarisation analytical brief, section 2.4",Needs verification,Limited source,Type: curriculum programme.
63,"OBZR, ""Fundamentals of Security and Defence of the Motherland"" (school subject) / ОБЗР",Curriculum programme,Curriculum programme,Russian Ministry of Education,All six occupied territories,Crimea; Sevastopol; Donetsk oblast; Luhansk oblast; Zaporizhzhia oblast; Kherson oblast,All schools in the occupied territories,Not applicable,"Updated programme approved January 2026; a separate pre-conscription training programme in Crimea, November 2022",Compulsory school subject,State budget (Russian Ministry of Education),Building and piloting drones (about 90 units of equipment); compulsory field camps for years 8 and 10 at military training grounds,Not stated (covers all pupils in the relevant years),"Russian Ministry of Education programme document on basic military training for years 10 to 11; TOT Insights, Education and Militarisation analytical brief, section 2.4; TOT Insights, The Voin Generation (2026), section II",Confirmed,,"Type: curriculum programme; replaced and expanded the former ""Fundamentals of Life Safety""."
64,Zarnitsa 2.0 military-sports game / «Зарница 2.0»,Curriculum programme,Curriculum and extracurricular activity programme,Movement of the First jointly with Yunarmiya and the Voin centre; family format with the Defenders of the Fatherland foundation,All six occupied territories,Crimea; Sevastopol; Donetsk oblast; Luhansk oblast; Zaporizhzhia oblast; Kherson oblast,"Mariupol, Zaporizhzhia oblast, Kherson oblast and elsewhere",Not applicable,"Not established (timed to the ""anniversary of the liberation of Donbas"")",Organised programme and event,State budget (through the organisers),"Garrison duty, tactical exercises, mastering specialisms (medic, sapper, drone operator, war correspondent); disciplines include rifle disassembly, air-rifle shooting, drone piloting, drill and firearms training","Mariupol: over 2,600 children (first half of 2025); Zaporizhzhia oblast: over 2,000 planned","Centre for the Study of Occupation monitoring, Mariupol and Luhansk oblast, 2025, and Mariupol, June 2026",Likely,Source is internal monitoring,The Vulkan-7 team (Kherson region) reached the final in Volgograd oblast; type: curriculum and extracurricular programme.
65,"Yunarmiya House, drone and tactical-medicine training, Mariupol School No. 26, and the Berloga programme / «Дом Юнармии» + «Берлога»",Curriculum programme,School-based structure and curriculum programme,Yunarmiya; the Berloga programme is approved by Putin,Donetsk oblast (Mariupol); drone training across the occupied territories,Donetsk oblast; Kherson oblast,Mariupol (Prymorskyi district); Kherson (drone racing),Not applicable (based at School No. 26),Not established (grant of 1.2 million roubles in 2025),Structure based at a general school,"Regional grant (1.2 million roubles, 2025) plus state budget","Shooting, knife throwing, sapper work, weapons assembly and disassembly, drone piloting (FPV drones: aerodynamics, modelling, piloting); tactical medicine as a school subject","About 10,000 adolescents involved in practical drone-operator training programmes","Centre for the Study of Occupation monitoring, Mariupol, June 2026, section 11; TOT Insights, The Voin Generation (2026), sections II and V",Likely,Source is internal monitoring,"Berloga is integrated into Zarnitsa and the Movement of the First (""Pilots of the Future"" competition); separate classes for children with disabilities."
66,"Ideological lessons: ""Conversations about What Matters"", ""Lessons of Courage"", ""Hero's Desk"", ""Spiritual and Moral Culture of Russia""",Curriculum programme,Curriculum programme,Russian Ministry of Education; the subject was developed with the participation of Metropolitan Tikhon Shevkunov,All six occupied territories,Crimea; Sevastopol; Donetsk oblast; Luhansk oblast; Zaporizhzhia oblast; Kherson oblast,"All schools and, from October 2024, kindergartens in the occupied territories",Not applicable,"September 2022 (launch of ""Conversations about What Matters""); October 2024 (extended to kindergartens from age 5); 2025/26 school year, an ""adviser on upbringing"" post in every school in occupied Kherson oblast",Compulsory extracurricular and school programme,State budget,"Justifying the war, portraying Russia as a ""peacemaker"" and Ukrainian resistance as ""Nazism""; ""lessons of courage"" with invited veterans; war museums and ""Hero's Desks"" in schools; ""Alleys of Glory"" with busts of killed occupation soldiers",Not stated (covers all pupils in the occupied territories),"Centre for the Study of Occupation monitoring, Donetsk and Luhansk oblasts and Mariupol, 2025 to 2026; National Council of Ukraine on Television and Radio Broadcasting, analytical report 2023",Confirmed,,Type: curriculum programme; the widest coverage of any entry in the dataset (all schoolchildren in the occupied territories).
