section,question_2026,question_2025,question,base_2026,multiple_answers,answer,n_2026,pct_2026,pct_2026_comparable_subsample,pct_2025
Sample and displacement,,Q2,Sex,1007,no,Female,738,73.3,69.4,63.9
Sample and displacement,,Q2,Sex,1007,no,Male,269,26.7,30.6,36.1
Sample and displacement,,Q1,Age group,1007,no,18–24,32,3.2,3.4,4.1
Sample and displacement,,Q1,Age group,1007,no,25–34,110,10.9,12.1,14.0
Sample and displacement,,Q1,Age group,1007,no,35–49,301,29.9,29.5,32.0
Sample and displacement,,Q1,Age group,1007,no,50–59,226,22.4,23.9,21.5
Sample and displacement,,Q1,Age group,1007,no,60+,338,33.6,31.0,28.5
Sample and displacement,,,Oblast of current residence,1007,no,Dnipropetrovsk,160,15.9,,
Sample and displacement,,,Oblast of current residence,1007,no,Kyiv oblast,148,14.7,,
Sample and displacement,,,Oblast of current residence,1007,no,Kharkiv,129,12.8,,
Sample and displacement,,,Oblast of current residence,1007,no,Kyiv city,82,8.1,,
Sample and displacement,,,Oblast of current residence,1007,no,Poltava,64,6.4,,
Sample and displacement,,,Oblast of current residence,1007,no,Odesa,57,5.7,,
Sample and displacement,,,Oblast of current residence,1007,no,Lviv,45,4.5,,
Sample and displacement,,,Oblast of current residence,1007,no,Zaporizhzhia,38,3.8,,
Sample and displacement,,,Oblast of current residence,1007,no,Ivano-Frankivsk,29,2.9,,
Sample and displacement,,,Oblast of current residence,1007,no,Cherkasy,28,2.8,,
Sample and displacement,,,Oblast of current residence,1007,no,Kirovohrad,27,2.7,,
Sample and displacement,,,Oblast of current residence,1007,no,I live abroad,26,2.6,,
Sample and displacement,,,Oblast of current residence,1007,no,Khmelnytskyi,25,2.5,,
Sample and displacement,,,Oblast of current residence,1007,no,Mykolaiv,23,2.3,,
Sample and displacement,,,Oblast of current residence,1007,no,Zhytomyr,22,2.2,,
Sample and displacement,,,Oblast of current residence,1007,no,Vinnytsia,19,1.9,,
Sample and displacement,,,Oblast of current residence,1007,no,Ternopil,15,1.5,,
Sample and displacement,,,Oblast of current residence,1007,no,Zakarpattia,14,1.4,,
Sample and displacement,,,Oblast of current residence,1007,no,Chernivtsi,13,1.3,,
Sample and displacement,,,Oblast of current residence,1007,no,Volyn,12,1.2,,
Sample and displacement,,,Oblast of current residence,1007,no,Chernihiv,8,0.8,,
Sample and displacement,,,Oblast of current residence,1007,no,Rivne,6,0.6,,
Sample and displacement,,,Oblast of current residence,1007,no,Sumy,6,0.6,,
Sample and displacement,,,Oblast of current residence,1007,no,Donetsk,5,0.5,,
Sample and displacement,,,Oblast of current residence,1007,no,Kherson,4,0.4,,
Sample and displacement,,,Oblast of current residence,1007,no,Hard to say,2,0.2,,
Sample and displacement,,,Type of settlement of current residence,1007,no,Oblast centre,517,51.3,,
Sample and displacement,,,Type of settlement of current residence,1007,no,Village/settlement,213,21.2,,
Sample and displacement,,,Type of settlement of current residence,1007,no,Other city,274,27.2,,
Sample and displacement,,,Type of settlement of current residence,1007,no,Hard to say,3,0.3,,
Sample and displacement,,,Oblast of the settlement where the respondent lived from 2014 until 24 February 2022,1007,no,Donetsk,571,56.7,,
Sample and displacement,,,Oblast of the settlement where the respondent lived from 2014 until 24 February 2022,1007,no,Kharkiv,147,14.6,,
Sample and displacement,,,Oblast of the settlement where the respondent lived from 2014 until 24 February 2022,1007,no,Kherson,111,11.0,,
Sample and displacement,,,Oblast of the settlement where the respondent lived from 2014 until 24 February 2022,1007,no,Zaporizhzhia,69,6.9,,
Sample and displacement,,,Oblast of the settlement where the respondent lived from 2014 until 24 February 2022,1007,no,Luhansk,69,6.9,,
Sample and displacement,,,Oblast of the settlement where the respondent lived from 2014 until 24 February 2022,1007,no,Dnipropetrovsk,11,1.1,,
Sample and displacement,,,Oblast of the settlement where the respondent lived from 2014 until 24 February 2022,1007,no,Mykolaiv,9,0.9,,
Sample and displacement,,,Oblast of the settlement where the respondent lived from 2014 until 24 February 2022,1007,no,Sumy,5,0.5,,
Sample and displacement,,,Oblast of the settlement where the respondent lived from 2014 until 24 February 2022,1007,no,AR Crimea / Sevastopol,3,0.3,,
Sample and displacement,,,Oblast of the settlement where the respondent lived from 2014 until 24 February 2022,1007,no,Odesa,3,0.3,,
Sample and displacement,,,Oblast of the settlement where the respondent lived from 2014 until 24 February 2022,1007,no,Chernihiv,3,0.3,,
Sample and displacement,,,Oblast of the settlement where the respondent lived from 2014 until 24 February 2022,1007,no,Zakarpattia,2,0.2,,
Sample and displacement,,,Oblast of the settlement where the respondent lived from 2014 until 24 February 2022,1007,no,Zhytomyr,1,0.1,,
Sample and displacement,,,Oblast of the settlement where the respondent lived from 2014 until 24 February 2022,1007,no,Kyiv oblast,1,0.1,,
Sample and displacement,,,Oblast of the settlement where the respondent lived from 2014 until 24 February 2022,1007,no,Poltava,1,0.1,,
Sample and displacement,,,Oblast of the settlement where the respondent lived from 2014 until 24 February 2022,1007,no,Hard to say,1,0.1,,
Sample and displacement,,,When the respondent left that settlement,1007,no,Before 24 February 2022,81,8.0,,
Sample and displacement,,,When the respondent left that settlement,1007,no,February – April 2022,425,42.2,,
Sample and displacement,,,When the respondent left that settlement,1007,no,May – December 2022,210,20.9,,
Sample and displacement,,,When the respondent left that settlement,1007,no,2023,66,6.6,,
Sample and displacement,,,When the respondent left that settlement,1007,no,2024,72,7.1,,
Sample and displacement,,,When the respondent left that settlement,1007,no,2025,45,4.5,,
Sample and displacement,,,When the respondent left that settlement,1007,no,2026,95,9.4,,
Sample and displacement,,,When the respondent left that settlement,1007,no,Did not leave: the settlement was de-occupied,4,0.4,,
Sample and displacement,,,When the respondent left that settlement,1007,no,Hard to say,8,0.8,,
Sample and displacement,,,When the respondent left that settlement,1007,no,Prefer not to answer,1,0.1,,
Sample and displacement,Q5,Q3,"Please tell us, which statement suits you best?",1007,no,The settlement where I lived before the full-scale invasion was occupied and remains occupied,346,34.4,,87.5
Sample and displacement,Q5,Q3,"Please tell us, which statement suits you best?",1007,no,"The settlement where I lived was not occupied, but is now occupied",281,27.9,,
Sample and displacement,Q5,Q3,"Please tell us, which statement suits you best?",1007,no,The settlement where I lived was not occupied and remains unoccupied,246,24.4,,
Sample and displacement,Q5,Q3,"Please tell us, which statement suits you best?",1007,no,"The settlement where I lived before the full-scale invasion was occupied, but has now been de-occupied",98,9.7,,12.5
Sample and displacement,Q5,Q3,"Please tell us, which statement suits you best?",1007,no,Hard to say,36,3.6,,
Sample and displacement,Q6,Q4,"Please tell us, do you consider yourself an internally displaced person?",1007,no,Definitely no,0,0.0,0.0,9.3
Sample and displacement,Q6,Q4,"Please tell us, do you consider yourself an internally displaced person?",1007,no,Rather no,0,0.0,0.0,2.9
Sample and displacement,Q6,Q4,"Please tell us, do you consider yourself an internally displaced person?",1007,no,Rather yes,113,11.2,11.4,7.0
Sample and displacement,Q6,Q4,"Please tell us, do you consider yourself an internally displaced person?",1007,no,Definitely yes,894,88.8,88.6,80.4
Sample and displacement,Q6,Q4,"Please tell us, do you consider yourself an internally displaced person?",1007,no,Hard to say,0,0.0,0.0,0.4
Sample and displacement,Q6,Q4,"Please tell us, do you consider yourself an internally displaced person?",1007,no,Prefer not to answer,0,0.0,0.0,0.0
Support for displaced people,Q7,Q5,Please rate how effectively the government supports internally displaced persons.,1007,no,Completely ineffective,357,35.5,38.5,42.7
Support for displaced people,Q7,Q5,Please rate how effectively the government supports internally displaced persons.,1007,no,Rather ineffective,373,37.0,38.1,33.7
Support for displaced people,Q7,Q5,Please rate how effectively the government supports internally displaced persons.,1007,no,Rather effective,172,17.1,15.2,14.8
Support for displaced people,Q7,Q5,Please rate how effectively the government supports internally displaced persons.,1007,no,Completely effective,43,4.3,3.7,4.9
Support for displaced people,Q7,Q5,Please rate how effectively the government supports internally displaced persons.,1007,no,Hard to say,61,6.1,4.4,4.0
Support for displaced people,Q7,Q5,Please rate how effectively the government supports internally displaced persons.,1007,no,Prefer not to answer,1,0.1,0.1,0.0
Support for displaced people,Q8,,Have you personally or your family received any support in the last 12 months?,1007,no,"Yes, regularly",302,30.0,,
Support for displaced people,Q8,,Have you personally or your family received any support in the last 12 months?,1007,no,"Yes, once",216,21.4,,
Support for displaced people,Q8,,Have you personally or your family received any support in the last 12 months?,1007,no,"No, but I applied",193,19.2,,
Support for displaced people,Q8,,Have you personally or your family received any support in the last 12 months?,1007,no,"No, and I did not apply",271,26.9,,
Support for displaced people,Q8,,Have you personally or your family received any support in the last 12 months?,1007,no,Hard to say,25,2.5,,
Support for displaced people,Q8,,Have you personally or your family received any support in the last 12 months?,1007,no,Prefer not to answer,0,0.0,,
Support for displaced people,Q9,Q6,Please rate how effectively international humanitarian organisations support internally displaced persons in Ukraine.,1007,no,Completely ineffective,179,17.8,18.8,17.3
Support for displaced people,Q9,Q6,Please rate how effectively international humanitarian organisations support internally displaced persons in Ukraine.,1007,no,Rather ineffective,247,24.5,25.1,31.6
Support for displaced people,Q9,Q6,Please rate how effectively international humanitarian organisations support internally displaced persons in Ukraine.,1007,no,Rather effective,321,31.9,31.3,33.8
Support for displaced people,Q9,Q6,Please rate how effectively international humanitarian organisations support internally displaced persons in Ukraine.,1007,no,Completely effective,80,7.9,6.6,7.3
Support for displaced people,Q9,Q6,Please rate how effectively international humanitarian organisations support internally displaced persons in Ukraine.,1007,no,Hard to say,180,17.9,18.2,10.0
Support for displaced people,Q9,Q6,Please rate how effectively international humanitarian organisations support internally displaced persons in Ukraine.,1007,no,Prefer not to answer,0,0.0,0.0,0.1
Support for displaced people,Q10,,Have you personally or your family received assistance from international humanitarian organisations in the last 12 months?,1007,no,"Yes, regularly",49,4.9,,
Support for displaced people,Q10,,Have you personally or your family received assistance from international humanitarian organisations in the last 12 months?,1007,no,"Yes, once",251,24.9,,
Support for displaced people,Q10,,Have you personally or your family received assistance from international humanitarian organisations in the last 12 months?,1007,no,"No, but I applied",206,20.5,,
Support for displaced people,Q10,,Have you personally or your family received assistance from international humanitarian organisations in the last 12 months?,1007,no,"No, and I did not apply",486,48.3,,
Support for displaced people,Q10,,Have you personally or your family received assistance from international humanitarian organisations in the last 12 months?,1007,no,Hard to say,15,1.5,,
Support for displaced people,Q10,,Have you personally or your family received assistance from international humanitarian organisations in the last 12 months?,1007,no,Prefer not to answer,0,0.0,,
"Views on occupation, risk and resistance",Q11,Q8,"Do you agree with the statement: ""most of the population remaining in the occupied territories is satisfied with the Russian authorities""?",1007,no,Definitely no,314,31.2,28.3,26.2
"Views on occupation, risk and resistance",Q11,Q8,"Do you agree with the statement: ""most of the population remaining in the occupied territories is satisfied with the Russian authorities""?",1007,no,Rather no,325,32.3,33.2,32.4
"Views on occupation, risk and resistance",Q11,Q8,"Do you agree with the statement: ""most of the population remaining in the occupied territories is satisfied with the Russian authorities""?",1007,no,Rather yes,124,12.3,15.0,19.8
"Views on occupation, risk and resistance",Q11,Q8,"Do you agree with the statement: ""most of the population remaining in the occupied territories is satisfied with the Russian authorities""?",1007,no,Definitely yes,33,3.3,4.0,7.6
"Views on occupation, risk and resistance",Q11,Q8,"Do you agree with the statement: ""most of the population remaining in the occupied territories is satisfied with the Russian authorities""?",1007,no,Hard to say,209,20.8,19.3,13.8
"Views on occupation, risk and resistance",Q11,Q8,"Do you agree with the statement: ""most of the population remaining in the occupied territories is satisfied with the Russian authorities""?",1007,no,Prefer not to answer,2,0.2,0.1,0.2
"Views on occupation, risk and resistance",Q12,Q9,"Do you agree with the statement that ""there is hidden resistance to the occupiers in the occupied territories""?",1007,no,Definitely no,46,4.6,4.1,3.6
"Views on occupation, risk and resistance",Q12,Q9,"Do you agree with the statement that ""there is hidden resistance to the occupiers in the occupied territories""?",1007,no,Rather no,154,15.3,15.0,14.3
"Views on occupation, risk and resistance",Q12,Q9,"Do you agree with the statement that ""there is hidden resistance to the occupiers in the occupied territories""?",1007,no,Rather yes,338,33.6,34.9,36.5
"Views on occupation, risk and resistance",Q12,Q9,"Do you agree with the statement that ""there is hidden resistance to the occupiers in the occupied territories""?",1007,no,Definitely yes,183,18.2,20.3,25.1
"Views on occupation, risk and resistance",Q12,Q9,"Do you agree with the statement that ""there is hidden resistance to the occupiers in the occupied territories""?",1007,no,Hard to say,284,28.2,25.4,20.4
"Views on occupation, risk and resistance",Q12,Q9,"Do you agree with the statement that ""there is hidden resistance to the occupiers in the occupied territories""?",1007,no,Prefer not to answer,2,0.2,0.3,0.1
"Views on occupation, risk and resistance",Q13,Q10,"Please tell us, can certain behaviour in the occupied territories lead to violent actions by the Russian authorities?",1007,no,Definitely no,13,1.3,1.1,1.5
"Views on occupation, risk and resistance",Q13,Q10,"Please tell us, can certain behaviour in the occupied territories lead to violent actions by the Russian authorities?",1007,no,Rather no,41,4.1,3.2,4.5
"Views on occupation, risk and resistance",Q13,Q10,"Please tell us, can certain behaviour in the occupied territories lead to violent actions by the Russian authorities?",1007,no,Rather yes,292,29.0,27.6,28.3
"Views on occupation, risk and resistance",Q13,Q10,"Please tell us, can certain behaviour in the occupied territories lead to violent actions by the Russian authorities?",1007,no,Definitely yes,473,47.0,53.2,51.9
"Views on occupation, risk and resistance",Q13,Q10,"Please tell us, can certain behaviour in the occupied territories lead to violent actions by the Russian authorities?",1007,no,Hard to say,187,18.6,14.9,13.6
"Views on occupation, risk and resistance",Q13,Q10,"Please tell us, can certain behaviour in the occupied territories lead to violent actions by the Russian authorities?",1007,no,Prefer not to answer,1,0.1,0.0,0.2
"Views on occupation, risk and resistance",Q14,Q11,What types of behaviour in the occupied territories may create a risk of violent actions by the Russian authorities?,1007,yes,Using Ukrainian symbols,553,54.9,59.4,
"Views on occupation, risk and resistance",Q14,Q11,What types of behaviour in the occupied territories may create a risk of violent actions by the Russian authorities?,1007,yes,Taking or publishing photos,518,51.4,54.9,51.7
"Views on occupation, risk and resistance",Q14,Q11,What types of behaviour in the occupied territories may create a risk of violent actions by the Russian authorities?,1007,yes,Refusing to obtain a Russian passport,507,50.3,55.6,
"Views on occupation, risk and resistance",Q14,Q11,What types of behaviour in the occupied territories may create a risk of violent actions by the Russian authorities?,1007,yes,Subscribing to Ukraine-related channels,487,48.4,51.4,53.4
"Views on occupation, risk and resistance",Q14,Q11,What types of behaviour in the occupied territories may create a risk of violent actions by the Russian authorities?,1007,yes,Using Ukrainian in public communication,476,47.3,50.2,
"Views on occupation, risk and resistance",Q14,Q11,What types of behaviour in the occupied territories may create a risk of violent actions by the Russian authorities?,1007,yes,Communicating with people in Government-controlled territory of Ukraine (GCA),400,39.7,43.0,49.0
"Views on occupation, risk and resistance",Q14,Q11,What types of behaviour in the occupied territories may create a risk of violent actions by the Russian authorities?,1007,yes,Receiving money transfers from Ukraine,348,34.6,36.7,35.5
"Views on occupation, risk and resistance",Q14,Q11,What types of behaviour in the occupied territories may create a risk of violent actions by the Russian authorities?,1007,yes,Using Telegram,341,33.9,34.8,37.6
"Views on occupation, risk and resistance",Q14,Q11,What types of behaviour in the occupied territories may create a risk of violent actions by the Russian authorities?,1007,yes,Installing privacy software (e.g. VPN),330,32.8,36.6,37.9
"Views on occupation, risk and resistance",Q14,Q11,What types of behaviour in the occupied territories may create a risk of violent actions by the Russian authorities?,1007,yes,Having two phones,316,31.4,34.1,35.7
"Views on occupation, risk and resistance",Q14,Q11,What types of behaviour in the occupied territories may create a risk of violent actions by the Russian authorities?,1007,yes,Other,115,11.4,12.3,14.9
"Views on occupation, risk and resistance",Q14,Q11,What types of behaviour in the occupied territories may create a risk of violent actions by the Russian authorities?,1007,yes,Hard to say,202,20.1,17.0,21.2
"Views on occupation, risk and resistance",Q14,Q11,What types of behaviour in the occupied territories may create a risk of violent actions by the Russian authorities?,1007,yes,Prefer not to answer,11,1.1,1.1,0.4
"Views on occupation, risk and resistance",Q15,Q12,"Which of the listed non-violent actions, in your personal opinion, are useful and worth the risk in the temporarily occupied territories?",1007,yes,Helping people evacuate safely from the TOT (temporarily occupied territories) to Government-controlled territory of Ukraine (GCA),446,44.3,45.4,46.5
"Views on occupation, risk and resistance",Q15,Q12,"Which of the listed non-violent actions, in your personal opinion, are useful and worth the risk in the temporarily occupied territories?",1007,yes,Supplying medicines to civilians,399,39.6,39.7,42.8
"Views on occupation, risk and resistance",Q15,Q12,"Which of the listed non-violent actions, in your personal opinion, are useful and worth the risk in the temporarily occupied territories?",1007,yes,"Providing essential goods that are in short supply (e.g. water purification tablets, hygiene products, baby formula)",344,34.2,34.3,41.5
"Views on occupation, risk and resistance",Q15,Q12,"Which of the listed non-violent actions, in your personal opinion, are useful and worth the risk in the temporarily occupied territories?",1007,yes,Providing legal support to civil resistance participants imprisoned by the Russian authorities,276,27.4,28.6,35.9
"Views on occupation, risk and resistance",Q15,Q12,"Which of the listed non-violent actions, in your personal opinion, are useful and worth the risk in the temporarily occupied territories?",1007,yes,Providing secure means of communication for tracking Russian troop movements,227,22.5,24.6,31.6
"Views on occupation, risk and resistance",Q15,Q12,"Which of the listed non-violent actions, in your personal opinion, are useful and worth the risk in the temporarily occupied territories?",1007,yes,"Organising passive resistance (e.g. boycotting Russian-organised events, refusing Russian passports)",201,20.0,20.4,26.0
"Views on occupation, risk and resistance",Q15,Q12,"Which of the listed non-violent actions, in your personal opinion, are useful and worth the risk in the temporarily occupied territories?",1007,yes,Publishing or distributing public lists of collaborators,195,19.4,21.1,29.2
"Views on occupation, risk and resistance",Q15,Q12,"Which of the listed non-violent actions, in your personal opinion, are useful and worth the risk in the temporarily occupied territories?",1007,yes,"Spreading pro-Ukrainian or anti-occupation content on Telegram, TikTok or other platforms",191,19.0,20.4,29.5
"Views on occupation, risk and resistance",Q15,Q12,"Which of the listed non-violent actions, in your personal opinion, are useful and worth the risk in the temporarily occupied territories?",1007,yes,Supporting local cyber awareness (e.g. running basic offline digital security trainings),184,18.3,20.0,23.1
"Views on occupation, risk and resistance",Q15,Q12,"Which of the listed non-violent actions, in your personal opinion, are useful and worth the risk in the temporarily occupied territories?",1007,yes,"Taking photos with Ukrainian symbols (ribbons, posters) and publishing them online",164,16.3,17.7,25.5
"Views on occupation, risk and resistance",Q15,Q12,"Which of the listed non-violent actions, in your personal opinion, are useful and worth the risk in the temporarily occupied territories?",1007,yes,None of the above,120,11.9,11.9,
"Views on occupation, risk and resistance",Q15,Q12,"Which of the listed non-violent actions, in your personal opinion, are useful and worth the risk in the temporarily occupied territories?",1007,yes,Other,62,6.2,6.1,8.8
"Views on occupation, risk and resistance",Q15,Q12,"Which of the listed non-violent actions, in your personal opinion, are useful and worth the risk in the temporarily occupied territories?",1007,yes,Hard to say,221,21.9,21.2,24.6
"Views on occupation, risk and resistance",Q15,Q12,"Which of the listed non-violent actions, in your personal opinion, are useful and worth the risk in the temporarily occupied territories?",1007,yes,Prefer not to answer,19,1.9,2.1,1.8
Contact with the occupied territories,Q16,Q7,"Please tell us, do you keep in touch with acquaintances in the temporarily occupied territories?",1007,no,Definitely no,495,49.2,38.2,37.6
Contact with the occupied territories,Q16,Q7,"Please tell us, do you keep in touch with acquaintances in the temporarily occupied territories?",1007,no,Rather no,121,12.0,12.7,12.6
Contact with the occupied territories,Q16,Q7,"Please tell us, do you keep in touch with acquaintances in the temporarily occupied territories?",1007,no,Rather yes,142,14.1,17.5,15.2
Contact with the occupied territories,Q16,Q7,"Please tell us, do you keep in touch with acquaintances in the temporarily occupied territories?",1007,no,Definitely yes,237,23.5,30.3,33.4
Contact with the occupied territories,Q16,Q7,"Please tell us, do you keep in touch with acquaintances in the temporarily occupied territories?",1007,no,Hard to say,10,1.0,1.1,0.8
Contact with the occupied territories,Q16,Q7,"Please tell us, do you keep in touch with acquaintances in the temporarily occupied territories?",1007,no,Prefer not to answer,2,0.2,0.1,0.5
Contact with the occupied territories,Q17,,How often do you communicate with acquaintances who are currently in the temporarily occupied territories?,379,no,Every day or almost every day,50,13.2,,
Contact with the occupied territories,Q17,,How often do you communicate with acquaintances who are currently in the temporarily occupied territories?,379,no,Several times a week,58,15.3,,
Contact with the occupied territories,Q17,,How often do you communicate with acquaintances who are currently in the temporarily occupied territories?,379,no,Several times a month,119,31.4,,
Contact with the occupied territories,Q17,,How often do you communicate with acquaintances who are currently in the temporarily occupied territories?,379,no,Less often,144,38.0,,
Contact with the occupied territories,Q17,,How often do you communicate with acquaintances who are currently in the temporarily occupied territories?,379,no,Never,5,1.3,,
Contact with the occupied territories,Q17,,How often do you communicate with acquaintances who are currently in the temporarily occupied territories?,379,no,Hard to say,3,0.8,,
Contact with the occupied territories,Q17,,How often do you communicate with acquaintances who are currently in the temporarily occupied territories?,379,no,Prefer not to answer,0,0.0,,
Contact with the occupied territories,Q18,,How do you mainly maintain this contact?,371,yes,Telegram,243,65.5,,
Contact with the occupied territories,Q18,,How do you mainly maintain this contact?,371,yes,WhatsApp,82,22.1,,
Contact with the occupied territories,Q18,,How do you mainly maintain this contact?,371,yes,Other social media,41,11.1,,
Contact with the occupied territories,Q18,,How do you mainly maintain this contact?,371,yes,Phone calls,38,10.2,,
Contact with the occupied territories,Q18,,How do you mainly maintain this contact?,371,yes,Viber,33,8.9,,
Contact with the occupied territories,Q18,,How do you mainly maintain this contact?,371,yes,Through third parties,20,5.4,,
Contact with the occupied territories,Q18,,How do you mainly maintain this contact?,371,yes,Instagram,19,5.1,,
Contact with the occupied territories,Q18,,How do you mainly maintain this contact?,371,yes,Facebook,16,4.3,,
Contact with the occupied territories,Q18,,How do you mainly maintain this contact?,371,yes,Signal,4,1.1,,
Contact with the occupied territories,Q18,,How do you mainly maintain this contact?,371,yes,In-person meetings (in third countries),4,1.1,,
Contact with the occupied territories,Q18,,How do you mainly maintain this contact?,371,yes,Other,26,7.0,,
Contact with the occupied territories,Q18,,How do you mainly maintain this contact?,371,yes,Hard to say,3,0.8,,
Contact with the occupied territories,Q18,,How do you mainly maintain this contact?,371,yes,Prefer not to answer,7,1.9,,
Contact with the occupied territories,Q19,,How much do you trust Ukrainian media coverage of the situation in the occupied territories?,371,no,Completely distrust,31,8.4,,
Contact with the occupied territories,Q19,,How much do you trust Ukrainian media coverage of the situation in the occupied territories?,371,no,Rather distrust,70,18.9,,
Contact with the occupied territories,Q19,,How much do you trust Ukrainian media coverage of the situation in the occupied territories?,371,no,Rather trust,165,44.5,,
Contact with the occupied territories,Q19,,How much do you trust Ukrainian media coverage of the situation in the occupied territories?,371,no,Fully trust,65,17.5,,
Contact with the occupied territories,Q19,,How much do you trust Ukrainian media coverage of the situation in the occupied territories?,371,no,Hard to say,38,10.2,,
Contact with the occupied territories,Q19,,How much do you trust Ukrainian media coverage of the situation in the occupied territories?,371,no,Prefer not to answer,2,0.5,,
Contact with the occupied territories,Q20,,How do you assess the financial situation of your acquaintances in the TOT compared to pre-war times?,371,no,Significantly improved,17,4.6,,
Contact with the occupied territories,Q20,,How do you assess the financial situation of your acquaintances in the TOT compared to pre-war times?,371,no,Somewhat improved,34,9.2,,
Contact with the occupied territories,Q20,,How do you assess the financial situation of your acquaintances in the TOT compared to pre-war times?,371,no,Somewhat worsened,60,16.2,,
Contact with the occupied territories,Q20,,How do you assess the financial situation of your acquaintances in the TOT compared to pre-war times?,371,no,Significantly worsened,152,41.0,,
Contact with the occupied territories,Q20,,How do you assess the financial situation of your acquaintances in the TOT compared to pre-war times?,371,no,Don't know,98,26.4,,
Contact with the occupied territories,Q20,,How do you assess the financial situation of your acquaintances in the TOT compared to pre-war times?,371,no,Prefer not to answer,10,2.7,,
Housing and property,Q21,,Did you or your family have housing or other real estate in the territory that is now occupied?,371,no,"Yes, own housing",205,55.3,,
Housing and property,Q21,,Did you or your family have housing or other real estate in the territory that is now occupied?,371,no,"Yes, housing and other property (land, business, vehicles)",146,39.4,,
Housing and property,Q21,,Did you or your family have housing or other real estate in the territory that is now occupied?,371,no,No,20,5.4,,
Housing and property,Q22,,"What, as far as you know, has happened to this property?",351,yes,Destroyed or damaged as a result of hostilities,158,45.0,,
Housing and property,Q22,,"What, as far as you know, has happened to this property?",351,yes,"Nothing happened, as far as I know",76,21.7,,
Housing and property,Q22,,"What, as far as you know, has happened to this property?",351,yes,I don't know what happened to it,56,16.0,,
Housing and property,Q22,,"What, as far as you know, has happened to this property?",351,yes,Occupied by other people,52,14.8,,
Housing and property,Q22,,"What, as far as you know, has happened to this property?",351,yes,"Declared ""ownerless"" and transferred to the occupation authorities",36,10.3,,
Housing and property,Q22,,"What, as far as you know, has happened to this property?",351,yes,Occupied by Russian military,31,8.8,,
Housing and property,Q22,,"What, as far as you know, has happened to this property?",351,yes,Seized due to the absence of a Russian passport or Russian registration of ownership,9,2.6,,
Housing and property,Q22,,"What, as far as you know, has happened to this property?",351,yes,Sold under pressure or for next to nothing,2,0.6,,
Housing and property,Q22,,"What, as far as you know, has happened to this property?",351,yes,Other,22,6.3,,
Housing and property,Q22,,"What, as far as you know, has happened to this property?",351,yes,Prefer not to answer,2,0.6,,
Housing and property,Q23,,"Do you know of such cases among your relatives or acquaintances, where their housing…",371,yes,Destroyed or damaged as a result of hostilities,201,54.2,,
Housing and property,Q23,,"Do you know of such cases among your relatives or acquaintances, where their housing…",371,yes,Occupied by Russian military,122,32.9,,
Housing and property,Q23,,"Do you know of such cases among your relatives or acquaintances, where their housing…",371,yes,Occupied by other people,113,30.5,,
Housing and property,Q23,,"Do you know of such cases among your relatives or acquaintances, where their housing…",371,yes,"Declared ""ownerless"" and transferred to the occupation authorities",105,28.3,,
Housing and property,Q23,,"Do you know of such cases among your relatives or acquaintances, where their housing…",371,yes,I don't know what happened to it,63,17.0,,
Housing and property,Q23,,"Do you know of such cases among your relatives or acquaintances, where their housing…",371,yes,"Nothing happened, as far as I know",49,13.2,,
Housing and property,Q23,,"Do you know of such cases among your relatives or acquaintances, where their housing…",371,yes,Seized due to the absence of a Russian passport or Russian registration of ownership,46,12.4,,
Housing and property,Q23,,"Do you know of such cases among your relatives or acquaintances, where their housing…",371,yes,Sold under pressure or for next to nothing,26,7.0,,
Housing and property,Q23,,"Do you know of such cases among your relatives or acquaintances, where their housing…",371,yes,Other,10,2.7,,
Housing and property,Q23,,"Do you know of such cases among your relatives or acquaintances, where their housing…",371,yes,Prefer not to answer,2,0.5,,
Conditions and information in the occupied territories,Q24,,What do people in the TOT lack most?,371,yes,Quality healthcare,210,56.6,,
Conditions and information in the occupied territories,Q24,,What do people in the TOT lack most?,371,yes,Communications and internet,189,50.9,,
Conditions and information in the occupied territories,Q24,,What do people in the TOT lack most?,371,yes,Medicines,185,49.9,,
Conditions and information in the occupied territories,Q24,,What do people in the TOT lack most?,371,yes,Drinking water,172,46.4,,
Conditions and information in the occupied territories,Q24,,What do people in the TOT lack most?,371,yes,Fuel,132,35.6,,
Conditions and information in the occupied territories,Q24,,What do people in the TOT lack most?,371,yes,Money,116,31.3,,
Conditions and information in the occupied territories,Q24,,What do people in the TOT lack most?,371,yes,Food,106,28.6,,
Conditions and information in the occupied territories,Q24,,What do people in the TOT lack most?,371,yes,Hygiene products,75,20.2,,
Conditions and information in the occupied territories,Q24,,What do people in the TOT lack most?,371,yes,Don't know,57,15.4,,
Conditions and information in the occupied territories,Q24,,What do people in the TOT lack most?,371,yes,Prefer not to answer,4,1.1,,
Conditions and information in the occupied territories,Q25,,"What sources of information, as far as you know, do your acquaintances in the TOT use?",371,yes,Ukrainian Telegram channels via VPN,127,34.2,,
Conditions and information in the occupied territories,Q25,,"What sources of information, as far as you know, do your acquaintances in the TOT use?",371,yes,Don't know,121,32.6,,
Conditions and information in the occupied territories,Q25,,"What sources of information, as far as you know, do your acquaintances in the TOT use?",371,yes,Rumours and personal communication,103,27.8,,
Conditions and information in the occupied territories,Q25,,"What sources of information, as far as you know, do your acquaintances in the TOT use?",371,yes,Russian TV,101,27.2,,
Conditions and information in the occupied territories,Q25,,"What sources of information, as far as you know, do your acquaintances in the TOT use?",371,yes,Social media,88,23.7,,
Conditions and information in the occupied territories,Q25,,"What sources of information, as far as you know, do your acquaintances in the TOT use?",371,yes,Local occupation Telegram channels,59,15.9,,
Conditions and information in the occupied territories,Q25,,"What sources of information, as far as you know, do your acquaintances in the TOT use?",371,yes,Ukrainian TV via satellite,37,10.0,,
Conditions and information in the occupied territories,Q25,,"What sources of information, as far as you know, do your acquaintances in the TOT use?",371,yes,Prefer not to answer,4,1.1,,
Strikes on targets in the occupied territories,Q26,,"In general, do you consider strikes by the Defence Forces of Ukraine on targets in the temporarily occupied territories justified?",1004,no,Definitely no,40,4.0,,
Strikes on targets in the occupied territories,Q26,,"In general, do you consider strikes by the Defence Forces of Ukraine on targets in the temporarily occupied territories justified?",1004,no,Rather no,64,6.4,,
Strikes on targets in the occupied territories,Q26,,"In general, do you consider strikes by the Defence Forces of Ukraine on targets in the temporarily occupied territories justified?",1004,no,Rather yes,215,21.4,,
Strikes on targets in the occupied territories,Q26,,"In general, do you consider strikes by the Defence Forces of Ukraine on targets in the temporarily occupied territories justified?",1004,no,Definitely yes,538,53.6,,
Strikes on targets in the occupied territories,Q26,,"In general, do you consider strikes by the Defence Forces of Ukraine on targets in the temporarily occupied territories justified?",1004,no,Hard to say,126,12.5,,
Strikes on targets in the occupied territories,Q26,,"In general, do you consider strikes by the Defence Forces of Ukraine on targets in the temporarily occupied territories justified?",1004,no,Prefer not to answer,21,2.1,,
Strikes on targets in the occupied territories,Q27,,Choose the three targets you consider the highest priority.,916,yes,Military bases and Russian troop deployment sites,475,51.9,,
Strikes on targets in the occupied territories,Q27,,Choose the three targets you consider the highest priority.,916,yes,Ammunition and fuel depots,456,49.8,,
Strikes on targets in the occupied territories,Q27,,Choose the three targets you consider the highest priority.,916,yes,Enterprises working for the Russian army,246,26.9,,
Strikes on targets in the occupied territories,Q27,,Choose the three targets you consider the highest priority.,916,yes,Don't know,186,20.3,,
Strikes on targets in the occupied territories,Q27,,Choose the three targets you consider the highest priority.,916,yes,"Bridges, railways and other logistics facilities",180,19.7,,
Strikes on targets in the occupied territories,Q27,,Choose the three targets you consider the highest priority.,916,yes,Occupation administration buildings,134,14.6,,
Strikes on targets in the occupied territories,Q27,,Choose the three targets you consider the highest priority.,916,yes,Energy facilities also used by civilians,109,11.9,,
Strikes on targets in the occupied territories,Q27,,Choose the three targets you consider the highest priority.,916,yes,Facilities located within residential areas,14,1.5,,
Strikes on targets in the occupied territories,Q27,,Choose the three targets you consider the highest priority.,916,yes,Other,71,7.8,,
Strikes on targets in the occupied territories,Q27,,Choose the three targets you consider the highest priority.,916,yes,Prefer not to answer,26,2.8,,
"Staying, leaving and returning",Q28,,"If your settlement is de-occupied, do you plan to return?",345,no,Definitely no,47,13.6,,
"Staying, leaving and returning",Q28,,"If your settlement is de-occupied, do you plan to return?",345,no,Rather no,72,20.9,,
"Staying, leaving and returning",Q28,,"If your settlement is de-occupied, do you plan to return?",345,no,Rather yes,82,23.8,,
"Staying, leaving and returning",Q28,,"If your settlement is de-occupied, do you plan to return?",345,no,Definitely yes,110,31.9,,
"Staying, leaving and returning",Q28,,"If your settlement is de-occupied, do you plan to return?",345,no,Hard to say,34,9.9,,
"Staying, leaving and returning",Q28,,"If your settlement is de-occupied, do you plan to return?",345,no,Prefer not to answer,0,0.0,,
"Staying, leaving and returning",Q29,,"Why, in your opinion, do people stay in the occupied territories?",1007,yes,Lack of money to relocate,427,42.4,,
"Staying, leaving and returning",Q29,,"Why, in your opinion, do people stay in the occupied territories?",1007,yes,Unwillingness to leave their home and property,425,42.2,,
"Staying, leaving and returning",Q29,,"Why, in your opinion, do people stay in the occupied territories?",1007,yes,Nowhere to go,409,40.6,,
"Staying, leaving and returning",Q29,,"Why, in your opinion, do people stay in the occupied territories?",1007,yes,Old age or poor health,346,34.4,,
"Staying, leaving and returning",Q29,,"Why, in your opinion, do people stay in the occupied territories?",1007,yes,Caring for elderly relatives or people with disabilities,317,31.5,,
"Staying, leaving and returning",Q29,,"Why, in your opinion, do people stay in the occupied territories?",1007,yes,Pro-Russian views,131,13.0,,
"Staying, leaving and returning",Q29,,"Why, in your opinion, do people stay in the occupied territories?",1007,yes,Don't believe they are welcome in Ukraine,119,11.8,,
"Staying, leaving and returning",Q29,,"Why, in your opinion, do people stay in the occupied territories?",1007,yes,Fear of a dangerous journey,116,11.5,,
"Staying, leaving and returning",Q29,,"Why, in your opinion, do people stay in the occupied territories?",1007,yes,Don't see occupation as a problem for themselves,31,3.1,,
"Staying, leaving and returning",Q29,,"Why, in your opinion, do people stay in the occupied territories?",1007,yes,Other,85,8.4,,
"Staying, leaving and returning",Q29,,"Why, in your opinion, do people stay in the occupied territories?",1007,yes,Hard to say,23,2.3,,
"Staying, leaving and returning",Q29,,"Why, in your opinion, do people stay in the occupied territories?",1007,yes,Prefer not to answer,6,0.6,,
Prejudice against displaced people,Q30,,Have you personally faced prejudice because you are a displaced person?,1007,no,No,546,54.2,,
Prejudice against displaced people,Q30,,Have you personally faced prejudice because you are a displaced person?,1007,no,"Yes, sometimes",328,32.6,,
Prejudice against displaced people,Q30,,Have you personally faced prejudice because you are a displaced person?,1007,no,"Yes, often",125,12.4,,
Prejudice against displaced people,Q30,,Have you personally faced prejudice because you are a displaced person?,1007,no,Hard to say,5,0.5,,
Prejudice against displaced people,Q30,,Have you personally faced prejudice because you are a displaced person?,1007,no,Prefer not to answer,3,0.3,,
Prejudice against displaced people,Q31,,In which situations?,453,yes,In everyday communication,303,66.9,,
Prejudice against displaced people,Q31,,In which situations?,453,yes,Renting housing,197,43.5,,
Prejudice against displaced people,Q31,,In which situations?,453,yes,Employment,83,18.3,,
Prejudice against displaced people,Q31,,In which situations?,453,yes,On social media,82,18.1,,
Prejudice against displaced people,Q31,,In which situations?,453,yes,In government institutions,81,17.9,,
Prejudice against displaced people,Q31,,In which situations?,453,yes,In healthcare facilities,61,13.5,,
Prejudice against displaced people,Q31,,In which situations?,453,yes,At my child's school or kindergarten,53,11.7,,
Prejudice against displaced people,Q31,,In which situations?,453,yes,Hard to say,6,1.3,,
Prejudice against displaced people,Q31,,In which situations?,453,yes,Prefer not to answer,0,0.0,,
