issue_id,title_ru,issue_date,issue_no,cumulative_no,pages,municipalities,source_url
11,Запорожская правда,2024-02-01,1,13,28,Berdiansk,https://za-media.ru/assets/files/zaporozhskaya-pravda/1_13-berdyanskij-go.pdf
12,Запорожская правда,2024-02-01,1,13,8,Veselivka,https://za-media.ru/assets/files/zaporozhskaya-pravda/1_13-energodar.pdf
13,Запорожская правда,2024-02-01,1,13,4,Polohy,https://za-media.ru/assets/files/zaporozhskaya-pravda/1_13-pologovskij-mo.pdf
14,Запорожская правда,2024-02-01,1,13,8,Enerhodar,https://za-media.ru/assets/files/zaporozhskaya-pravda/1_13-veselovskij-mo.pdf
15,Запорожская правда,2024-02-01,1,13,4,Melitopol; Pryazovske,https://za-media.ru/assets/files/zaporozhskaya-pravda/1_13_priazovskij-mo.pdf
40,Запорожская правда,2024-02-23,2,14,4,Enerhodar,https://za-media.ru/assets/files/zaporozhskaya-pravda/zp-energodar-2_14a.pdf
34,Запорожская правда,2024-03-01,2,14,20,Yakymivka; Kamianka-Dniprovska,https://za-media.ru/assets/files/zaporozhskaya-pravda/zp-akimovskij-kamensko-d-2_14a.pdf
42,Запорожская правда,2024-03-01,2,14,4,Chernihivka; Polohy,https://za-media.ru/assets/files/zaporozhskaya-pravda/zp-pologovskij-chernigovskij-2_14a.pdf
43,Запорожская правда,2024-03-01,2,14,4,Pryazovske; Tokmak,https://za-media.ru/assets/files/zaporozhskaya-pravda/zp-priazovskij-tokmakskij-2_14a.pdf
45,Запорожская правда,2024-03-01,2,14,8,Vasylivka,https://za-media.ru/assets/files/zaporozhskaya-pravda/zp-vasilevskij-2_14a.pdf
1,Запорожский вестник,2024-03-05,10,69,16,,https://za-media.ru/assets/files/zaporozhskij-vestnik/10-59.pdf
2,Запорожский вестник,2024-03-12,11,60,8,,https://za-media.ru/assets/files/zaporozhskij-vestnik/11A.pdf
3,Запорожский вестник,2024-03-19,12,61,8,,https://za-media.ru/assets/files/zaporozhskij-vestnik/12A.pdf
4,Запорожский вестник,2024-03-26,13,62,8,,https://za-media.ru/assets/files/zaporozhskij-vestnik/13A.pdf
35,Запорожская правда,2024-04-01,3,15,4,Yakymivka; Pryazovske,https://za-media.ru/assets/files/zaporozhskaya-pravda/zp-akimovskij_priazovskij-mo-3_15a.pdf
36,Запорожская правда,2024-04-01,3,15,8,Berdiansk,https://za-media.ru/assets/files/zaporozhskaya-pravda/zp-berdyansk-3_15a.pdf
39,Запорожская правда,2024-04-01,3,15,8,Prymorsk; Chernihivka,https://za-media.ru/assets/files/zaporozhskaya-pravda/zp-chernigovskij_primorskij-3_15a.pdf
41,Запорожская правда,2024-04-01,2,14,28,Melitopol; Yakymivka; Mykhailivka,https://za-media.ru/assets/files/zaporozhskaya-pravda/zp-melitopol-mihajlovskij-2_14a.pdf
5,Запорожский вестник,2024-04-02,14,63,8,,https://za-media.ru/assets/files/zaporozhskij-vestnik/14A.pdf
44,Запорожская правда,2024-04-05,4,16,4,Enerhodar; Prymorsk,https://za-media.ru/assets/files/zaporozhskaya-pravda/zp-primorskij_energodar_4_16a.pdf
6,Запорожский вестник,2024-04-09,15,64,8,,https://za-media.ru/assets/files/zaporozhskij-vestnik/15%D0%90.pdf
7,Запорожский вестник,2024-04-16,16,65,8,,https://za-media.ru/assets/files/zaporozhskij-vestnik/16%D0%90.pdf
8,Запорожский вестник,2024-04-23,17,66,8,,https://za-media.ru/assets/files/zaporozhskij-vestnik/17%D0%90.pdf
9,Запорожский вестник,2024-04-30,18,67,8,,https://za-media.ru/assets/files/zaporozhskij-vestnik/18%D0%90.pdf
38,Запорожская правда,2024-05-03,5,17,4,Melitopol; Berdiansk,https://za-media.ru/assets/files/zaporozhskaya-pravda/zp-berdyansk_melitopol_5_17-itoga.pdf
10,Запорожский вестник,2024-05-04,19-20,68-69,8,,https://za-media.ru/assets/files/zaporozhskij-vestnik/19-20%D0%90.pdf
16,Запорожский вестник,2024-05-21,21,70,8,,https://za-media.ru/assets/files/zaporozhskij-vestnik/21%D0%90.pdf
17,Запорожский вестник,2024-05-30,22,71,8,,https://za-media.ru/assets/files/zaporozhskij-vestnik/22A.pdf
18,Запорожский вестник,2024-06-06,23,72,8,,https://za-media.ru/assets/files/zaporozhskij-vestnik/23A.pdf
19,Запорожский вестник,2024-06-13,24,73,8,,https://za-media.ru/assets/files/zaporozhskij-vestnik/24A.pdf
20,Запорожский вестник,2024-06-20,25,74,8,,https://za-media.ru/assets/files/zaporozhskij-vestnik/25A.pdf
21,Запорожский вестник,2024-06-27,26,75,8,,https://za-media.ru/assets/files/zaporozhskij-vestnik/26A.pdf
37,Запорожская правда,2024-06-28,6,18,4,Melitopol; Berdiansk,https://za-media.ru/assets/files/zaporozhskaya-pravda/zp-berdyansk_6_18_pressa.pdf
22,Запорожский вестник,2024-07-04,27,76,8,,https://za-media.ru/assets/files/zaporozhskij-vestnik/27A.pdf
23,Запорожский вестник,2024-07-11,28,77,8,,https://za-media.ru/assets/files/zaporozhskij-vestnik/28A.pdf
24,Запорожский вестник,2024-07-18,29,78,8,,https://za-media.ru/assets/files/zaporozhskij-vestnik/29A.pdf
31,Запорожская правда,2024-07-18,7,19,4,Melitopol; Berdiansk,https://za-media.ru/assets/files/zaporozhskaya-pravda/zp-7_19a.pdf
32,Запорожская правда,2024-07-18,8,20,4,Berdiansk,https://za-media.ru/assets/files/zaporozhskaya-pravda/zp-8_20a.pdf
25,Запорожский вестник,2024-07-25,30,79,8,,https://za-media.ru/assets/files/zaporozhskij-vestnik/30A.pdf
26,Запорожский вестник,2024-08-01,31,80,8,,https://za-media.ru/assets/files/zaporozhskij-vestnik/31A.pdf
27,Запорожский вестник,2024-08-08,32,81,8,,https://za-media.ru/assets/files/zaporozhskij-vestnik/32A.pdf
28,Запорожский вестник,2024-08-15,33,82,8,,https://za-media.ru/assets/files/zaporozhskij-vestnik/33A.pdf
33,Запорожская правда,2024-08-16,9,21,4,Melitopol; Berdiansk,https://za-media.ru/assets/files/zaporozhskaya-pravda/zp-9_21a.pdf
29,Запорожский вестник,2024-08-22,34,83,8,,https://za-media.ru/assets/files/zaporozhskij-vestnik/34A.pdf
30,Запорожский вестник,2024-08-29,35,84,8,,https://za-media.ru/assets/files/zaporozhskij-vestnik/35A.pdf
99,Запорожский вестник,2024-09-05,36,85,8,,https://za-media.ru/assets/files/zaporozhskij-vestnik/zv36a.pdf
101,Запорожский вестник,2024-09-12,37,86,8,,https://za-media.ru/assets/files/zaporozhskij-vestnik/zv37a.pdf
103,Запорожский вестник,2024-09-19,38,87,8,,https://za-media.ru/assets/files/zaporozhskij-vestnik/zv38a.pdf
46,Запорожская правда,2024-09-20,10,22,20,Melitopol,https://za-media.ru/assets/files/zaporozhskaya-pravda/zp_10_22a.pdf
105,Запорожский вестник,2024-09-26,39,88,8,,https://za-media.ru/assets/files/zaporozhskij-vestnik/zv39a.pdf
109,Запорожский вестник,2024-10-03,40,89,8,,https://za-media.ru/assets/files/zaporozhskij-vestnik/zv40a.pdf
47,Запорожская правда,2024-10-09,11,23,12,Enerhodar; Melitopol; Berdiansk,https://za-media.ru/assets/files/zaporozhskaya-pravda/zp_11_23a.pdf
145,Запорожский вестник,2024-10-10,41,90,8,,https://za-media.ru/assets/files/zaporozhskij-vestnik/zvn41a.pdf
113,Запорожский вестник,2024-10-17,42,91,8,,https://za-media.ru/assets/files/zaporozhskij-vestnik/zv42ab.pdf
114,Запорожский вестник,2024-10-24,43,92,8,,https://za-media.ru/assets/files/zaporozhskij-vestnik/zv43a.pdf
48,Запорожская правда,2024-11-05,12,24,4,Melitopol,https://za-media.ru/assets/files/zaporozhskaya-pravda/zp_12_24a.pdf
117,Запорожский вестник,2024-11-07,45,94,8,,https://za-media.ru/assets/files/zaporozhskij-vestnik/zv45a.pdf
119,Запорожский вестник,2024-11-14,46,95,8,,https://za-media.ru/assets/files/zaporozhskij-vestnik/zv46a.pdf
121,Запорожский вестник,2024-11-21,47,96,8,,https://za-media.ru/assets/files/zaporozhskij-vestnik/zv47a.pdf
123,Запорожский вестник,2024-11-28,48,97,8,,https://za-media.ru/assets/files/zaporozhskij-vestnik/zv48a.pdf
125,Запорожский вестник,2024-12-05,49,98,8,,https://za-media.ru/assets/files/zaporozhskij-vestnik/zv49a.pdf
49,Запорожская правда,2024-12-06,13,25,28,Enerhodar,https://za-media.ru/assets/files/zaporozhskaya-pravda/zp_13_25a.pdf
129,Запорожский вестник,2024-12-12,50,99,8,,https://za-media.ru/assets/files/zaporozhskij-vestnik/zv50a.pdf
131,Запорожский вестник,2024-12-19,51,100,8,,https://za-media.ru/assets/files/zaporozhskij-vestnik/zv51a.pdf
133,Запорожский вестник,2024-12-26,52,101,8,,https://za-media.ru/assets/files/zaporozhskij-vestnik/zv52a.pdf
73,Запорожский вестник,2025-01-09,1-2,102-103,8,,https://za-media.ru/assets/files/zaporozhskij-vestnik/zv1a.pdf
107,Запорожский вестник,2025-01-16,3,104,8,,https://za-media.ru/assets/files/zaporozhskij-vestnik/zv3a.pdf
50,Запорожская правда,2025-01-22,1,26,20,Enerhodar,https://za-media.ru/assets/files/zaporozhskaya-pravda/zp_1_26a.pdf
127,Запорожский вестник,2025-01-23,4,105,8,,https://za-media.ru/assets/files/zaporozhskij-vestnik/zv4a.pdf
135,Запорожский вестник,2025-01-30,5,106,8,,https://za-media.ru/assets/files/zaporozhskij-vestnik/zv5a.pdf
51,Запорожская правда,2025-02-05,2,27,4,Enerhodar,https://za-media.ru/assets/files/zaporozhskaya-pravda/zp_2_27a.pdf
137,Запорожский вестник,2025-02-06,6,107,8,,https://za-media.ru/assets/files/zaporozhskij-vestnik/zv6a.pdf
139,Запорожский вестник,2025-02-13,7,108,8,,https://za-media.ru/assets/files/zaporozhskij-vestnik/zv7a.pdf
141,Запорожский вестник,2025-02-20,8,109,8,,https://za-media.ru/assets/files/zaporozhskij-vestnik/zv8a.pdf
143,Запорожский вестник,2025-02-27,9,110,8,,https://za-media.ru/assets/files/zaporozhskij-vestnik/zv9a.pdf
53,Запорожский вестник,2025-03-06,10,111,8,,https://za-media.ru/assets/files/zaporozhskij-vestnik/zv10a.pdf
55,Запорожский вестник,2025-03-13,11,112,8,,https://za-media.ru/assets/files/zaporozhskij-vestnik/zv11a.pdf
57,Запорожский вестник,2025-03-20,12,113,8,,https://za-media.ru/assets/files/zaporozhskij-vestnik/zv12a.pdf
59,Запорожский вестник,2025-03-27,13,114,8,,https://za-media.ru/assets/files/zaporozhskij-vestnik/zv13a.pdf
61,Запорожский вестник,2025-04-03,14,115,8,,https://za-media.ru/assets/files/zaporozhskij-vestnik/zv14a.pdf
63,Запорожский вестник,2025-04-10,15,116,8,,https://za-media.ru/assets/files/zaporozhskij-vestnik/zv15a.pdf
65,Запорожский вестник,2025-04-17,16,117,8,,https://za-media.ru/assets/files/zaporozhskij-vestnik/zv16a.pdf
67,Запорожский вестник,2025-04-24,17,118,8,,https://za-media.ru/assets/files/zaporozhskij-vestnik/zv17a.pdf
69,Запорожский вестник,2025-05-01,18,119,8,,https://za-media.ru/assets/files/zaporozhskij-vestnik/zv18a.pdf
71,Запорожский вестник,2025-05-08,19,120,8,,https://za-media.ru/assets/files/zaporozhskij-vestnik/zv19a.pdf
74,Запорожский вестник,2025-05-15,20,121,8,,https://za-media.ru/assets/files/zaporozhskij-vestnik/zv20a.pdf
76,Запорожский вестник,2025-05-22,21,122,8,,https://za-media.ru/assets/files/zaporozhskij-vestnik/zv21a.pdf
78,Запорожский вестник,2025-05-29,22,123,8,,https://za-media.ru/assets/files/zaporozhskij-vestnik/zv22a.pdf
80,Запорожский вестник,2025-06-05,23,124,8,,https://za-media.ru/assets/files/zaporozhskij-vestnik/zv23a.pdf
82,Запорожский вестник,2025-06-12,24,125,8,,https://za-media.ru/assets/files/zaporozhskij-vestnik/zv24a.pdf
84,Запорожский вестник,2025-06-19,25,126,8,,https://za-media.ru/assets/files/zaporozhskij-vestnik/zv25a.pdf
86,Запорожский вестник,2025-06-26,26,127,8,,https://za-media.ru/assets/files/zaporozhskij-vestnik/zv26a.pdf
88,Запорожский вестник,2025-07-03,27,128,8,,https://za-media.ru/assets/files/zaporozhskij-vestnik/zv27a.pdf
90,Запорожский вестник,2025-07-10,28,129,8,,https://za-media.ru/assets/files/zaporozhskij-vestnik/zv28a.pdf
92,Запорожский вестник,2025-07-17,29,130,8,,https://za-media.ru/assets/files/zaporozhskij-vestnik/zv29a.pdf
93,Запорожский вестник,2025-07-24,30,131,8,,https://za-media.ru/assets/files/zaporozhskij-vestnik/zv30a.pdf
94,Запорожский вестник,2025-07-31,31,132,8,,https://za-media.ru/assets/files/zaporozhskij-vestnik/zv31a.pdf
95,Запорожский вестник,2025-08-07,32,133,8,,https://za-media.ru/assets/files/zaporozhskij-vestnik/zv32a.pdf
96,Запорожский вестник,2025-08-14,33,134,8,,https://za-media.ru/assets/files/zaporozhskij-vestnik/zv33a.pdf
97,Запорожский вестник,2025-08-21,34,135,8,,https://za-media.ru/assets/files/zaporozhskij-vestnik/zv34a.pdf
98,Запорожский вестник,2025-08-28,35,136,8,,https://za-media.ru/assets/files/zaporozhskij-vestnik/zv35a.pdf
100,Запорожский вестник,2025-09-04,36,137,8,,https://za-media.ru/assets/files/zaporozhskij-vestnik/zv36a(1).pdf
102,Запорожский вестник,2025-09-11,37,138,8,,https://za-media.ru/assets/files/zaporozhskij-vestnik/zv37a(1).pdf
104,Запорожский вестник,2025-09-18,38,139,8,,https://za-media.ru/assets/files/zaporozhskij-vestnik/zv38aa.pdf
106,Запорожский вестник,2025-09-25,39,140,8,,https://za-media.ru/assets/files/zaporozhskij-vestnik/zv39a_2025.pdf
110,Запорожский вестник,2025-10-02,40,141,8,,https://za-media.ru/assets/files/zaporozhskij-vestnik/zv40a_2025.pdf
111,Запорожский вестник,2025-10-09,41,142,8,,https://za-media.ru/assets/files/zaporozhskij-vestnik/zv41a_2025.pdf
112,Запорожский вестник,2025-10-16,42,143,8,,https://za-media.ru/assets/files/zaporozhskij-vestnik/zv42a_2025.pdf
115,Запорожский вестник,2025-10-23,43,144,8,,https://za-media.ru/assets/files/zaporozhskij-vestnik/zv43a_2025.pdf
116,Запорожский вестник,2025-10-30,44,145,8,,https://za-media.ru/assets/files/zaporozhskij-vestnik/zv44a_2025.pdf
118,Запорожский вестник,2025-11-06,45,146,8,,https://za-media.ru/assets/files/zaporozhskij-vestnik/zv45a_2025.pdf
120,Запорожский вестник,2025-11-13,46,147,8,,https://za-media.ru/assets/files/zaporozhskij-vestnik/zv46a_2025.pdf
122,Запорожский вестник,2025-11-20,47,148,8,,https://za-media.ru/assets/files/zaporozhskij-vestnik/zv47a_2025.pdf
124,Запорожский вестник,2025-11-27,48,149,8,,https://za-media.ru/assets/files/zaporozhskij-vestnik/zv48a_2025.pdf
126,Запорожский вестник,2025-12-04,49,150,8,,https://za-media.ru/assets/files/zaporozhskij-vestnik/zv49a_2025.pdf
130,Запорожский вестник,2025-12-11,50,151,8,,https://za-media.ru/assets/files/zaporozhskij-vestnik/zv50a_2025.pdf
132,Запорожский вестник,2025-12-18,51,152,8,,https://za-media.ru/assets/files/zaporozhskij-vestnik/zv51a_2025.pdf
134,Запорожский вестник,2025-12-25,52,153,8,,https://za-media.ru/assets/files/zaporozhskij-vestnik/zv52a_2025.pdf
52,Запорожский вестник,2026-01-15,1-2,154-155,8,,https://za-media.ru/assets/files/zaporozhskij-vestnik/zv1-2a_2026.pdf
108,Запорожский вестник,2026-01-22,3,156,8,,https://za-media.ru/assets/files/zaporozhskij-vestnik/zv3a_2026.pdf
128,Запорожский вестник,2026-01-29,4,157,8,,https://za-media.ru/assets/files/zaporozhskij-vestnik/zv4a_2026.pdf
136,Запорожский вестник,2026-02-05,5,158,8,,https://za-media.ru/assets/files/zaporozhskij-vestnik/zv5a_2026.pdf
138,Запорожский вестник,2026-02-12,6,159,8,,https://za-media.ru/assets/files/zaporozhskij-vestnik/zv6a_2026.pdf
140,Запорожский вестник,2026-02-19,7,160,8,,https://za-media.ru/assets/files/zaporozhskij-vestnik/zv7a_2026.pdf
142,Запорожский вестник,2026-02-26,8,161,8,,https://za-media.ru/assets/files/zaporozhskij-vestnik/zv8a_2026.pdf
144,Запорожский вестник,2026-03-05,9,162,8,,https://za-media.ru/assets/files/zaporozhskij-vestnik/zv9a_2026.pdf
54,Запорожский вестник,2026-03-12,10,163,8,,https://za-media.ru/assets/files/zaporozhskij-vestnik/zv10a_2026.pdf
56,Запорожский вестник,2026-03-19,11,164,8,,https://za-media.ru/assets/files/zaporozhskij-vestnik/zv11a_2026.pdf
58,Запорожский вестник,2026-03-26,12,165,8,,https://za-media.ru/assets/files/zaporozhskij-vestnik/zv12a_2026.pdf
60,Запорожский вестник,2026-04-02,13,166,8,,https://za-media.ru/assets/files/zaporozhskij-vestnik/zv13a_2026.pdf
62,Запорожский вестник,2026-04-09,14,167,8,,https://za-media.ru/assets/files/zaporozhskij-vestnik/zv14a_2026.pdf
64,Запорожский вестник,2026-04-16,15,168,8,,https://za-media.ru/assets/files/zaporozhskij-vestnik/zv15a_2026.pdf
66,Запорожский вестник,2026-04-23,16,169,8,,https://za-media.ru/assets/files/zaporozhskij-vestnik/zv16a_2026.pdf
68,Запорожский вестник,2026-04-30,17,170,8,,https://za-media.ru/assets/files/zaporozhskij-vestnik/zv17a_2026.pdf
70,Запорожский вестник,2026-05-07,18,171,8,,https://za-media.ru/assets/files/zaporozhskij-vestnik/zv18a_2026.pdf
72,Запорожский вестник,2026-05-14,19,172,8,,https://za-media.ru/assets/files/zaporozhskij-vestnik/zv19a_2026.pdf
75,Запорожский вестник,2026-05-21,20,173,8,,https://za-media.ru/assets/files/zaporozhskij-vestnik/zv20a_2026.pdf
77,Запорожский вестник,2026-05-28,21,174,8,,https://za-media.ru/assets/files/zaporozhskij-vestnik/zv21a_2026.pdf
79,Запорожский вестник,2026-06-04,22,175,8,,https://za-media.ru/assets/files/zaporozhskij-vestnik/zv22a_2026.pdf
81,Запорожский вестник,2026-06-11,23,176,8,,https://za-media.ru/assets/files/zaporozhskij-vestnik/zv23a_2026.pdf
83,Запорожский вестник,2026-06-18,24,177,8,,https://za-media.ru/assets/files/zaporozhskij-vestnik/zv24a_2026.pdf
85,Запорожский вестник,2026-06-25,25,178,8,,https://za-media.ru/assets/files/zaporozhskij-vestnik/zv25a_2026.pdf
87,Запорожский вестник,2026-07-02,26,179,8,,https://za-media.ru/assets/files/zaporozhskij-vestnik/zv26a_2026.pdf
89,Запорожский вестник,2026-07-09,27,180,8,,https://za-media.ru/assets/files/zaporozhskij-vestnik/zv27a_2026.pdf
91,Запорожский вестник,2026-07-15,28,181,8,,https://za-media.ru/assets/files/zaporozhskij-vestnik/zv28a_2026.pdf
